"Jahr","Kanton","Ehedauer",Scheidungen
"1969","Schweiz","Ehedauer - Total",5982
"1969","Zürich","Ehedauer - Total",1527
"1969","Bern / Berne","Ehedauer - Total",692
"1969","Luzern","Ehedauer - Total",161
"1969","Uri","Ehedauer - Total",8
"1969","Schwyz","Ehedauer - Total",40
"1969","Obwalden","Ehedauer - Total",8
"1969","Nidwalden","Ehedauer - Total",8
"1969","Glarus","Ehedauer - Total",22
"1969","Zug","Ehedauer - Total",49
"1969","Fribourg / Freiburg","Ehedauer - Total",72
"1969","Solothurn","Ehedauer - Total",184
"1969","Basel-Stadt","Ehedauer - Total",399
"1969","Basel-Landschaft","Ehedauer - Total",170
"1969","Schaffhausen","Ehedauer - Total",88
"1969","Appenzell Ausserrhoden","Ehedauer - Total",42
"1969","Appenzell Innerrhoden","Ehedauer - Total",2
"1969","St. Gallen","Ehedauer - Total",269
"1969","Graubünden / Grigioni / Grischun","Ehedauer - Total",78
"1969","Aargau","Ehedauer - Total",288
"1969","Thurgau","Ehedauer - Total",161
"1969","Ticino","Ehedauer - Total",164
"1969","Vaud","Ehedauer - Total",658
"1969","Valais / Wallis","Ehedauer - Total",41
"1969","Neuchâtel","Ehedauer - Total",216
"1969","Genève","Ehedauer - Total",594
"1969","Jura","Ehedauer - Total",41
"1970","Schweiz","Ehedauer - Total",6406
"1970","Zürich","Ehedauer - Total",1624
"1970","Bern / Berne","Ehedauer - Total",726
"1970","Luzern","Ehedauer - Total",191
"1970","Uri","Ehedauer - Total",11
"1970","Schwyz","Ehedauer - Total",40
"1970","Obwalden","Ehedauer - Total",1
"1970","Nidwalden","Ehedauer - Total",12
"1970","Glarus","Ehedauer - Total",20
"1970","Zug","Ehedauer - Total",56
"1970","Fribourg / Freiburg","Ehedauer - Total",77
"1970","Solothurn","Ehedauer - Total",195
"1970","Basel-Stadt","Ehedauer - Total",401
"1970","Basel-Landschaft","Ehedauer - Total",204
"1970","Schaffhausen","Ehedauer - Total",76
"1970","Appenzell Ausserrhoden","Ehedauer - Total",48
"1970","Appenzell Innerrhoden","Ehedauer - Total",1
"1970","St. Gallen","Ehedauer - Total",280
"1970","Graubünden / Grigioni / Grischun","Ehedauer - Total",76
"1970","Aargau","Ehedauer - Total",368
"1970","Thurgau","Ehedauer - Total",178
"1970","Ticino","Ehedauer - Total",156
"1970","Vaud","Ehedauer - Total",646
"1970","Valais / Wallis","Ehedauer - Total",72
"1970","Neuchâtel","Ehedauer - Total",242
"1970","Genève","Ehedauer - Total",663
"1970","Jura","Ehedauer - Total",42
"1971","Schweiz","Ehedauer - Total",7036
"1971","Zürich","Ehedauer - Total",1646
"1971","Bern / Berne","Ehedauer - Total",873
"1971","Luzern","Ehedauer - Total",182
"1971","Uri","Ehedauer - Total",8
"1971","Schwyz","Ehedauer - Total",50
"1971","Obwalden","Ehedauer - Total",9
"1971","Nidwalden","Ehedauer - Total",14
"1971","Glarus","Ehedauer - Total",19
"1971","Zug","Ehedauer - Total",66
"1971","Fribourg / Freiburg","Ehedauer - Total",89
"1971","Solothurn","Ehedauer - Total",190
"1971","Basel-Stadt","Ehedauer - Total",473
"1971","Basel-Landschaft","Ehedauer - Total",260
"1971","Schaffhausen","Ehedauer - Total",120
"1971","Appenzell Ausserrhoden","Ehedauer - Total",50
"1971","Appenzell Innerrhoden","Ehedauer - Total",4
"1971","St. Gallen","Ehedauer - Total",322
"1971","Graubünden / Grigioni / Grischun","Ehedauer - Total",95
"1971","Aargau","Ehedauer - Total",391
"1971","Thurgau","Ehedauer - Total",203
"1971","Ticino","Ehedauer - Total",191
"1971","Vaud","Ehedauer - Total",674
"1971","Valais / Wallis","Ehedauer - Total",72
"1971","Neuchâtel","Ehedauer - Total",264
"1971","Genève","Ehedauer - Total",713
"1971","Jura","Ehedauer - Total",58
"1972","Schweiz","Ehedauer - Total",7651
"1972","Zürich","Ehedauer - Total",1845
"1972","Bern / Berne","Ehedauer - Total",976
"1972","Luzern","Ehedauer - Total",196
"1972","Uri","Ehedauer - Total",12
"1972","Schwyz","Ehedauer - Total",71
"1972","Obwalden","Ehedauer - Total",14
"1972","Nidwalden","Ehedauer - Total",15
"1972","Glarus","Ehedauer - Total",32
"1972","Zug","Ehedauer - Total",85
"1972","Fribourg / Freiburg","Ehedauer - Total",86
"1972","Solothurn","Ehedauer - Total",222
"1972","Basel-Stadt","Ehedauer - Total",377
"1972","Basel-Landschaft","Ehedauer - Total",253
"1972","Schaffhausen","Ehedauer - Total",87
"1972","Appenzell Ausserrhoden","Ehedauer - Total",60
"1972","Appenzell Innerrhoden","Ehedauer - Total",6
"1972","St. Gallen","Ehedauer - Total",390
"1972","Graubünden / Grigioni / Grischun","Ehedauer - Total",105
"1972","Aargau","Ehedauer - Total",443
"1972","Thurgau","Ehedauer - Total",200
"1972","Ticino","Ehedauer - Total",217
"1972","Vaud","Ehedauer - Total",758
"1972","Valais / Wallis","Ehedauer - Total",93
"1972","Neuchâtel","Ehedauer - Total",287
"1972","Genève","Ehedauer - Total",769
"1972","Jura","Ehedauer - Total",52
"1973","Schweiz","Ehedauer - Total",8030
"1973","Zürich","Ehedauer - Total",1970
"1973","Bern / Berne","Ehedauer - Total",1001
"1973","Luzern","Ehedauer - Total",277
"1973","Uri","Ehedauer - Total",11
"1973","Schwyz","Ehedauer - Total",66
"1973","Obwalden","Ehedauer - Total",10
"1973","Nidwalden","Ehedauer - Total",16
"1973","Glarus","Ehedauer - Total",33
"1973","Zug","Ehedauer - Total",87
"1973","Fribourg / Freiburg","Ehedauer - Total",82
"1973","Solothurn","Ehedauer - Total",227
"1973","Basel-Stadt","Ehedauer - Total",438
"1973","Basel-Landschaft","Ehedauer - Total",304
"1973","Schaffhausen","Ehedauer - Total",88
"1973","Appenzell Ausserrhoden","Ehedauer - Total",45
"1973","Appenzell Innerrhoden","Ehedauer - Total",3
"1973","St. Gallen","Ehedauer - Total",356
"1973","Graubünden / Grigioni / Grischun","Ehedauer - Total",118
"1973","Aargau","Ehedauer - Total",471
"1973","Thurgau","Ehedauer - Total",219
"1973","Ticino","Ehedauer - Total",190
"1973","Vaud","Ehedauer - Total",864
"1973","Valais / Wallis","Ehedauer - Total",82
"1973","Neuchâtel","Ehedauer - Total",256
"1973","Genève","Ehedauer - Total",756
"1973","Jura","Ehedauer - Total",60
"1974","Schweiz","Ehedauer - Total",8188
"1974","Zürich","Ehedauer - Total",1886
"1974","Bern / Berne","Ehedauer - Total",1227
"1974","Luzern","Ehedauer - Total",249
"1974","Uri","Ehedauer - Total",21
"1974","Schwyz","Ehedauer - Total",66
"1974","Obwalden","Ehedauer - Total",14
"1974","Nidwalden","Ehedauer - Total",19
"1974","Glarus","Ehedauer - Total",28
"1974","Zug","Ehedauer - Total",80
"1974","Fribourg / Freiburg","Ehedauer - Total",66
"1974","Solothurn","Ehedauer - Total",156
"1974","Basel-Stadt","Ehedauer - Total",412
"1974","Basel-Landschaft","Ehedauer - Total",284
"1974","Schaffhausen","Ehedauer - Total",111
"1974","Appenzell Ausserrhoden","Ehedauer - Total",56
"1974","Appenzell Innerrhoden","Ehedauer - Total",10
"1974","St. Gallen","Ehedauer - Total",431
"1974","Graubünden / Grigioni / Grischun","Ehedauer - Total",150
"1974","Aargau","Ehedauer - Total",476
"1974","Thurgau","Ehedauer - Total",233
"1974","Ticino","Ehedauer - Total",212
"1974","Vaud","Ehedauer - Total",784
"1974","Valais / Wallis","Ehedauer - Total",111
"1974","Neuchâtel","Ehedauer - Total",307
"1974","Genève","Ehedauer - Total",735
"1974","Jura","Ehedauer - Total",64
"1975","Schweiz","Ehedauer - Total",8917
"1975","Zürich","Ehedauer - Total",1959
"1975","Bern / Berne","Ehedauer - Total",1161
"1975","Luzern","Ehedauer - Total",259
"1975","Uri","Ehedauer - Total",21
"1975","Schwyz","Ehedauer - Total",83
"1975","Obwalden","Ehedauer - Total",11
"1975","Nidwalden","Ehedauer - Total",18
"1975","Glarus","Ehedauer - Total",38
"1975","Zug","Ehedauer - Total",98
"1975","Fribourg / Freiburg","Ehedauer - Total",230
"1975","Solothurn","Ehedauer - Total",282
"1975","Basel-Stadt","Ehedauer - Total",387
"1975","Basel-Landschaft","Ehedauer - Total",403
"1975","Schaffhausen","Ehedauer - Total",107
"1975","Appenzell Ausserrhoden","Ehedauer - Total",47
"1975","Appenzell Innerrhoden","Ehedauer - Total",4
"1975","St. Gallen","Ehedauer - Total",474
"1975","Graubünden / Grigioni / Grischun","Ehedauer - Total",107
"1975","Aargau","Ehedauer - Total",568
"1975","Thurgau","Ehedauer - Total",231
"1975","Ticino","Ehedauer - Total",204
"1975","Vaud","Ehedauer - Total",926
"1975","Valais / Wallis","Ehedauer - Total",191
"1975","Neuchâtel","Ehedauer - Total",262
"1975","Genève","Ehedauer - Total",789
"1975","Jura","Ehedauer - Total",57
"1976","Schweiz","Ehedauer - Total",9583
"1976","Zürich","Ehedauer - Total",2305
"1976","Bern / Berne","Ehedauer - Total",1196
"1976","Luzern","Ehedauer - Total",258
"1976","Uri","Ehedauer - Total",29
"1976","Schwyz","Ehedauer - Total",96
"1976","Obwalden","Ehedauer - Total",20
"1976","Nidwalden","Ehedauer - Total",18
"1976","Glarus","Ehedauer - Total",42
"1976","Zug","Ehedauer - Total",99
"1976","Fribourg / Freiburg","Ehedauer - Total",146
"1976","Solothurn","Ehedauer - Total",249
"1976","Basel-Stadt","Ehedauer - Total",439
"1976","Basel-Landschaft","Ehedauer - Total",453
"1976","Schaffhausen","Ehedauer - Total",135
"1976","Appenzell Ausserrhoden","Ehedauer - Total",49
"1976","Appenzell Innerrhoden","Ehedauer - Total",8
"1976","St. Gallen","Ehedauer - Total",527
"1976","Graubünden / Grigioni / Grischun","Ehedauer - Total",119
"1976","Aargau","Ehedauer - Total",621
"1976","Thurgau","Ehedauer - Total",224
"1976","Ticino","Ehedauer - Total",317
"1976","Vaud","Ehedauer - Total",900
"1976","Valais / Wallis","Ehedauer - Total",167
"1976","Neuchâtel","Ehedauer - Total",303
"1976","Genève","Ehedauer - Total",805
"1976","Jura","Ehedauer - Total",58
"1977","Schweiz","Ehedauer - Total",10474
"1977","Zürich","Ehedauer - Total",2621
"1977","Bern / Berne","Ehedauer - Total",1278
"1977","Luzern","Ehedauer - Total",317
"1977","Uri","Ehedauer - Total",22
"1977","Schwyz","Ehedauer - Total",87
"1977","Obwalden","Ehedauer - Total",16
"1977","Nidwalden","Ehedauer - Total",28
"1977","Glarus","Ehedauer - Total",29
"1977","Zug","Ehedauer - Total",98
"1977","Fribourg / Freiburg","Ehedauer - Total",174
"1977","Solothurn","Ehedauer - Total",334
"1977","Basel-Stadt","Ehedauer - Total",454
"1977","Basel-Landschaft","Ehedauer - Total",491
"1977","Schaffhausen","Ehedauer - Total",138
"1977","Appenzell Ausserrhoden","Ehedauer - Total",60
"1977","Appenzell Innerrhoden","Ehedauer - Total",6
"1977","St. Gallen","Ehedauer - Total",593
"1977","Graubünden / Grigioni / Grischun","Ehedauer - Total",181
"1977","Aargau","Ehedauer - Total",654
"1977","Thurgau","Ehedauer - Total",293
"1977","Ticino","Ehedauer - Total",280
"1977","Vaud","Ehedauer - Total",966
"1977","Valais / Wallis","Ehedauer - Total",157
"1977","Neuchâtel","Ehedauer - Total",345
"1977","Genève","Ehedauer - Total",782
"1977","Jura","Ehedauer - Total",70
"1978","Schweiz","Ehedauer - Total",10497
"1978","Zürich","Ehedauer - Total",2395
"1978","Bern / Berne","Ehedauer - Total",1325
"1978","Luzern","Ehedauer - Total",333
"1978","Uri","Ehedauer - Total",20
"1978","Schwyz","Ehedauer - Total",111
"1978","Obwalden","Ehedauer - Total",15
"1978","Nidwalden","Ehedauer - Total",21
"1978","Glarus","Ehedauer - Total",35
"1978","Zug","Ehedauer - Total",99
"1978","Fribourg / Freiburg","Ehedauer - Total",170
"1978","Solothurn","Ehedauer - Total",330
"1978","Basel-Stadt","Ehedauer - Total",477
"1978","Basel-Landschaft","Ehedauer - Total",469
"1978","Schaffhausen","Ehedauer - Total",135
"1978","Appenzell Ausserrhoden","Ehedauer - Total",67
"1978","Appenzell Innerrhoden","Ehedauer - Total",9
"1978","St. Gallen","Ehedauer - Total",611
"1978","Graubünden / Grigioni / Grischun","Ehedauer - Total",129
"1978","Aargau","Ehedauer - Total",686
"1978","Thurgau","Ehedauer - Total",260
"1978","Ticino","Ehedauer - Total",277
"1978","Vaud","Ehedauer - Total",973
"1978","Valais / Wallis","Ehedauer - Total",233
"1978","Neuchâtel","Ehedauer - Total",371
"1978","Genève","Ehedauer - Total",883
"1978","Jura","Ehedauer - Total",63
"1979","Schweiz","Ehedauer - Total",10394
"1979","Zürich","Ehedauer - Total",2334
"1979","Bern / Berne","Ehedauer - Total",1277
"1979","Luzern","Ehedauer - Total",336
"1979","Uri","Ehedauer - Total",27
"1979","Schwyz","Ehedauer - Total",101
"1979","Obwalden","Ehedauer - Total",10
"1979","Nidwalden","Ehedauer - Total",36
"1979","Glarus","Ehedauer - Total",61
"1979","Zug","Ehedauer - Total",110
"1979","Fribourg / Freiburg","Ehedauer - Total",180
"1979","Solothurn","Ehedauer - Total",357
"1979","Basel-Stadt","Ehedauer - Total",450
"1979","Basel-Landschaft","Ehedauer - Total",461
"1979","Schaffhausen","Ehedauer - Total",132
"1979","Appenzell Ausserrhoden","Ehedauer - Total",76
"1979","Appenzell Innerrhoden","Ehedauer - Total",3
"1979","St. Gallen","Ehedauer - Total",534
"1979","Graubünden / Grigioni / Grischun","Ehedauer - Total",191
"1979","Aargau","Ehedauer - Total",678
"1979","Thurgau","Ehedauer - Total",271
"1979","Ticino","Ehedauer - Total",328
"1979","Vaud","Ehedauer - Total",1003
"1979","Valais / Wallis","Ehedauer - Total",213
"1979","Neuchâtel","Ehedauer - Total",335
"1979","Genève","Ehedauer - Total",826
"1979","Jura","Ehedauer - Total",64
"1980","Schweiz","Ehedauer - Total",10910
"1980","Zürich","Ehedauer - Total",2539
"1980","Bern / Berne","Ehedauer - Total",1299
"1980","Luzern","Ehedauer - Total",369
"1980","Uri","Ehedauer - Total",24
"1980","Schwyz","Ehedauer - Total",98
"1980","Obwalden","Ehedauer - Total",27
"1980","Nidwalden","Ehedauer - Total",40
"1980","Glarus","Ehedauer - Total",35
"1980","Zug","Ehedauer - Total",113
"1980","Fribourg / Freiburg","Ehedauer - Total",219
"1980","Solothurn","Ehedauer - Total",364
"1980","Basel-Stadt","Ehedauer - Total",422
"1980","Basel-Landschaft","Ehedauer - Total",456
"1980","Schaffhausen","Ehedauer - Total",133
"1980","Appenzell Ausserrhoden","Ehedauer - Total",61
"1980","Appenzell Innerrhoden","Ehedauer - Total",10
"1980","St. Gallen","Ehedauer - Total",549
"1980","Graubünden / Grigioni / Grischun","Ehedauer - Total",181
"1980","Aargau","Ehedauer - Total",695
"1980","Thurgau","Ehedauer - Total",297
"1980","Ticino","Ehedauer - Total",350
"1980","Vaud","Ehedauer - Total",1021
"1980","Valais / Wallis","Ehedauer - Total",235
"1980","Neuchâtel","Ehedauer - Total",367
"1980","Genève","Ehedauer - Total",941
"1980","Jura","Ehedauer - Total",65
"1981","Schweiz","Ehedauer - Total",11131
"1981","Zürich","Ehedauer - Total",2610
"1981","Bern / Berne","Ehedauer - Total",1351
"1981","Luzern","Ehedauer - Total",329
"1981","Uri","Ehedauer - Total",26
"1981","Schwyz","Ehedauer - Total",117
"1981","Obwalden","Ehedauer - Total",17
"1981","Nidwalden","Ehedauer - Total",31
"1981","Glarus","Ehedauer - Total",56
"1981","Zug","Ehedauer - Total",134
"1981","Fribourg / Freiburg","Ehedauer - Total",180
"1981","Solothurn","Ehedauer - Total",405
"1981","Basel-Stadt","Ehedauer - Total",425
"1981","Basel-Landschaft","Ehedauer - Total",471
"1981","Schaffhausen","Ehedauer - Total",138
"1981","Appenzell Ausserrhoden","Ehedauer - Total",77
"1981","Appenzell Innerrhoden","Ehedauer - Total",6
"1981","St. Gallen","Ehedauer - Total",582
"1981","Graubünden / Grigioni / Grischun","Ehedauer - Total",196
"1981","Aargau","Ehedauer - Total",733
"1981","Thurgau","Ehedauer - Total",296
"1981","Ticino","Ehedauer - Total",325
"1981","Vaud","Ehedauer - Total",1103
"1981","Valais / Wallis","Ehedauer - Total",246
"1981","Neuchâtel","Ehedauer - Total",297
"1981","Genève","Ehedauer - Total",919
"1981","Jura","Ehedauer - Total",61
"1982","Schweiz","Ehedauer - Total",11589
"1982","Zürich","Ehedauer - Total",2520
"1982","Bern / Berne","Ehedauer - Total",1499
"1982","Luzern","Ehedauer - Total",369
"1982","Uri","Ehedauer - Total",25
"1982","Schwyz","Ehedauer - Total",140
"1982","Obwalden","Ehedauer - Total",22
"1982","Nidwalden","Ehedauer - Total",41
"1982","Glarus","Ehedauer - Total",50
"1982","Zug","Ehedauer - Total",141
"1982","Fribourg / Freiburg","Ehedauer - Total",249
"1982","Solothurn","Ehedauer - Total",366
"1982","Basel-Stadt","Ehedauer - Total",437
"1982","Basel-Landschaft","Ehedauer - Total",444
"1982","Schaffhausen","Ehedauer - Total",135
"1982","Appenzell Ausserrhoden","Ehedauer - Total",84
"1982","Appenzell Innerrhoden","Ehedauer - Total",7
"1982","St. Gallen","Ehedauer - Total",607
"1982","Graubünden / Grigioni / Grischun","Ehedauer - Total",206
"1982","Aargau","Ehedauer - Total",828
"1982","Thurgau","Ehedauer - Total",299
"1982","Ticino","Ehedauer - Total",375
"1982","Vaud","Ehedauer - Total",1038
"1982","Valais / Wallis","Ehedauer - Total",233
"1982","Neuchâtel","Ehedauer - Total",311
"1982","Genève","Ehedauer - Total",1073
"1982","Jura","Ehedauer - Total",90
"1983","Schweiz","Ehedauer - Total",11710
"1983","Zürich","Ehedauer - Total",2548
"1983","Bern / Berne","Ehedauer - Total",1400
"1983","Luzern","Ehedauer - Total",407
"1983","Uri","Ehedauer - Total",21
"1983","Schwyz","Ehedauer - Total",140
"1983","Obwalden","Ehedauer - Total",33
"1983","Nidwalden","Ehedauer - Total",33
"1983","Glarus","Ehedauer - Total",68
"1983","Zug","Ehedauer - Total",116
"1983","Fribourg / Freiburg","Ehedauer - Total",248
"1983","Solothurn","Ehedauer - Total",392
"1983","Basel-Stadt","Ehedauer - Total",441
"1983","Basel-Landschaft","Ehedauer - Total",422
"1983","Schaffhausen","Ehedauer - Total",130
"1983","Appenzell Ausserrhoden","Ehedauer - Total",66
"1983","Appenzell Innerrhoden","Ehedauer - Total",9
"1983","St. Gallen","Ehedauer - Total",650
"1983","Graubünden / Grigioni / Grischun","Ehedauer - Total",224
"1983","Aargau","Ehedauer - Total",786
"1983","Thurgau","Ehedauer - Total",346
"1983","Ticino","Ehedauer - Total",406
"1983","Vaud","Ehedauer - Total",1106
"1983","Valais / Wallis","Ehedauer - Total",253
"1983","Neuchâtel","Ehedauer - Total",351
"1983","Genève","Ehedauer - Total",1029
"1983","Jura","Ehedauer - Total",85
"1984","Schweiz","Ehedauer - Total",11219
"1984","Zürich","Ehedauer - Total",2491
"1984","Bern / Berne","Ehedauer - Total",1466
"1984","Luzern","Ehedauer - Total",367
"1984","Uri","Ehedauer - Total",14
"1984","Schwyz","Ehedauer - Total",130
"1984","Obwalden","Ehedauer - Total",20
"1984","Nidwalden","Ehedauer - Total",25
"1984","Glarus","Ehedauer - Total",54
"1984","Zug","Ehedauer - Total",101
"1984","Fribourg / Freiburg","Ehedauer - Total",248
"1984","Solothurn","Ehedauer - Total",395
"1984","Basel-Stadt","Ehedauer - Total",432
"1984","Basel-Landschaft","Ehedauer - Total",430
"1984","Schaffhausen","Ehedauer - Total",125
"1984","Appenzell Ausserrhoden","Ehedauer - Total",61
"1984","Appenzell Innerrhoden","Ehedauer - Total",10
"1984","St. Gallen","Ehedauer - Total",610
"1984","Graubünden / Grigioni / Grischun","Ehedauer - Total",188
"1984","Aargau","Ehedauer - Total",672
"1984","Thurgau","Ehedauer - Total",279
"1984","Ticino","Ehedauer - Total",413
"1984","Vaud","Ehedauer - Total",1091
"1984","Valais / Wallis","Ehedauer - Total",223
"1984","Neuchâtel","Ehedauer - Total",343
"1984","Genève","Ehedauer - Total",952
"1984","Jura","Ehedauer - Total",79
"1985","Schweiz","Ehedauer - Total",11416
"1985","Zürich","Ehedauer - Total",2528
"1985","Bern / Berne","Ehedauer - Total",1478
"1985","Luzern","Ehedauer - Total",341
"1985","Uri","Ehedauer - Total",24
"1985","Schwyz","Ehedauer - Total",130
"1985","Obwalden","Ehedauer - Total",28
"1985","Nidwalden","Ehedauer - Total",36
"1985","Glarus","Ehedauer - Total",45
"1985","Zug","Ehedauer - Total",111
"1985","Fribourg / Freiburg","Ehedauer - Total",243
"1985","Solothurn","Ehedauer - Total",386
"1985","Basel-Stadt","Ehedauer - Total",438
"1985","Basel-Landschaft","Ehedauer - Total",482
"1985","Schaffhausen","Ehedauer - Total",117
"1985","Appenzell Ausserrhoden","Ehedauer - Total",67
"1985","Appenzell Innerrhoden","Ehedauer - Total",7
"1985","St. Gallen","Ehedauer - Total",629
"1985","Graubünden / Grigioni / Grischun","Ehedauer - Total",201
"1985","Aargau","Ehedauer - Total",764
"1985","Thurgau","Ehedauer - Total",287
"1985","Ticino","Ehedauer - Total",412
"1985","Vaud","Ehedauer - Total",1095
"1985","Valais / Wallis","Ehedauer - Total",228
"1985","Neuchâtel","Ehedauer - Total",329
"1985","Genève","Ehedauer - Total",934
"1985","Jura","Ehedauer - Total",76
"1986","Schweiz","Ehedauer - Total",11395
"1986","Zürich","Ehedauer - Total",2527
"1986","Bern / Berne","Ehedauer - Total",1438
"1986","Luzern","Ehedauer - Total",352
"1986","Uri","Ehedauer - Total",21
"1986","Schwyz","Ehedauer - Total",128
"1986","Obwalden","Ehedauer - Total",29
"1986","Nidwalden","Ehedauer - Total",40
"1986","Glarus","Ehedauer - Total",44
"1986","Zug","Ehedauer - Total",117
"1986","Fribourg / Freiburg","Ehedauer - Total",228
"1986","Solothurn","Ehedauer - Total",406
"1986","Basel-Stadt","Ehedauer - Total",436
"1986","Basel-Landschaft","Ehedauer - Total",486
"1986","Schaffhausen","Ehedauer - Total",150
"1986","Appenzell Ausserrhoden","Ehedauer - Total",71
"1986","Appenzell Innerrhoden","Ehedauer - Total",8
"1986","St. Gallen","Ehedauer - Total",650
"1986","Graubünden / Grigioni / Grischun","Ehedauer - Total",189
"1986","Aargau","Ehedauer - Total",708
"1986","Thurgau","Ehedauer - Total",284
"1986","Ticino","Ehedauer - Total",403
"1986","Vaud","Ehedauer - Total",1133
"1986","Valais / Wallis","Ehedauer - Total",220
"1986","Neuchâtel","Ehedauer - Total",340
"1986","Genève","Ehedauer - Total",892
"1986","Jura","Ehedauer - Total",95
"1987","Schweiz","Ehedauer - Total",11553
"1987","Zürich","Ehedauer - Total",2535
"1987","Bern / Berne","Ehedauer - Total",1516
"1987","Luzern","Ehedauer - Total",407
"1987","Uri","Ehedauer - Total",29
"1987","Schwyz","Ehedauer - Total",145
"1987","Obwalden","Ehedauer - Total",28
"1987","Nidwalden","Ehedauer - Total",35
"1987","Glarus","Ehedauer - Total",52
"1987","Zug","Ehedauer - Total",115
"1987","Fribourg / Freiburg","Ehedauer - Total",269
"1987","Solothurn","Ehedauer - Total",427
"1987","Basel-Stadt","Ehedauer - Total",434
"1987","Basel-Landschaft","Ehedauer - Total",415
"1987","Schaffhausen","Ehedauer - Total",140
"1987","Appenzell Ausserrhoden","Ehedauer - Total",57
"1987","Appenzell Innerrhoden","Ehedauer - Total",6
"1987","St. Gallen","Ehedauer - Total",635
"1987","Graubünden / Grigioni / Grischun","Ehedauer - Total",218
"1987","Aargau","Ehedauer - Total",739
"1987","Thurgau","Ehedauer - Total",267
"1987","Ticino","Ehedauer - Total",298
"1987","Vaud","Ehedauer - Total",1108
"1987","Valais / Wallis","Ehedauer - Total",262
"1987","Neuchâtel","Ehedauer - Total",322
"1987","Genève","Ehedauer - Total",999
"1987","Jura","Ehedauer - Total",95
"1988","Schweiz","Ehedauer - Total",12731
"1988","Zürich","Ehedauer - Total",2739
"1988","Bern / Berne","Ehedauer - Total",1568
"1988","Luzern","Ehedauer - Total",398
"1988","Uri","Ehedauer - Total",17
"1988","Schwyz","Ehedauer - Total",136
"1988","Obwalden","Ehedauer - Total",23
"1988","Nidwalden","Ehedauer - Total",40
"1988","Glarus","Ehedauer - Total",61
"1988","Zug","Ehedauer - Total",113
"1988","Fribourg / Freiburg","Ehedauer - Total",301
"1988","Solothurn","Ehedauer - Total",376
"1988","Basel-Stadt","Ehedauer - Total",421
"1988","Basel-Landschaft","Ehedauer - Total",414
"1988","Schaffhausen","Ehedauer - Total",131
"1988","Appenzell Ausserrhoden","Ehedauer - Total",73
"1988","Appenzell Innerrhoden","Ehedauer - Total",11
"1988","St. Gallen","Ehedauer - Total",757
"1988","Graubünden / Grigioni / Grischun","Ehedauer - Total",213
"1988","Aargau","Ehedauer - Total",834
"1988","Thurgau","Ehedauer - Total",346
"1988","Ticino","Ehedauer - Total",448
"1988","Vaud","Ehedauer - Total",1528
"1988","Valais / Wallis","Ehedauer - Total",247
"1988","Neuchâtel","Ehedauer - Total",362
"1988","Genève","Ehedauer - Total",1073
"1988","Jura","Ehedauer - Total",101
"1989","Schweiz","Ehedauer - Total",12721
"1989","Zürich","Ehedauer - Total",2650
"1989","Bern / Berne","Ehedauer - Total",1515
"1989","Luzern","Ehedauer - Total",429
"1989","Uri","Ehedauer - Total",25
"1989","Schwyz","Ehedauer - Total",182
"1989","Obwalden","Ehedauer - Total",21
"1989","Nidwalden","Ehedauer - Total",45
"1989","Glarus","Ehedauer - Total",45
"1989","Zug","Ehedauer - Total",124
"1989","Fribourg / Freiburg","Ehedauer - Total",307
"1989","Solothurn","Ehedauer - Total",434
"1989","Basel-Stadt","Ehedauer - Total",401
"1989","Basel-Landschaft","Ehedauer - Total",468
"1989","Schaffhausen","Ehedauer - Total",158
"1989","Appenzell Ausserrhoden","Ehedauer - Total",80
"1989","Appenzell Innerrhoden","Ehedauer - Total",11
"1989","St. Gallen","Ehedauer - Total",719
"1989","Graubünden / Grigioni / Grischun","Ehedauer - Total",219
"1989","Aargau","Ehedauer - Total",786
"1989","Thurgau","Ehedauer - Total",333
"1989","Ticino","Ehedauer - Total",480
"1989","Vaud","Ehedauer - Total",1386
"1989","Valais / Wallis","Ehedauer - Total",334
"1989","Neuchâtel","Ehedauer - Total",390
"1989","Genève","Ehedauer - Total",1100
"1989","Jura","Ehedauer - Total",79
"1990","Schweiz","Ehedauer - Total",13184
"1990","Zürich","Ehedauer - Total",2871
"1990","Bern / Berne","Ehedauer - Total",1636
"1990","Luzern","Ehedauer - Total",450
"1990","Uri","Ehedauer - Total",16
"1990","Schwyz","Ehedauer - Total",153
"1990","Obwalden","Ehedauer - Total",37
"1990","Nidwalden","Ehedauer - Total",32
"1990","Glarus","Ehedauer - Total",46
"1990","Zug","Ehedauer - Total",150
"1990","Fribourg / Freiburg","Ehedauer - Total",270
"1990","Solothurn","Ehedauer - Total",448
"1990","Basel-Stadt","Ehedauer - Total",461
"1990","Basel-Landschaft","Ehedauer - Total",504
"1990","Schaffhausen","Ehedauer - Total",150
"1990","Appenzell Ausserrhoden","Ehedauer - Total",78
"1990","Appenzell Innerrhoden","Ehedauer - Total",10
"1990","St. Gallen","Ehedauer - Total",713
"1990","Graubünden / Grigioni / Grischun","Ehedauer - Total",255
"1990","Aargau","Ehedauer - Total",830
"1990","Thurgau","Ehedauer - Total",338
"1990","Ticino","Ehedauer - Total",472
"1990","Vaud","Ehedauer - Total",1341
"1990","Valais / Wallis","Ehedauer - Total",371
"1990","Neuchâtel","Ehedauer - Total",378
"1990","Genève","Ehedauer - Total",1060
"1990","Jura","Ehedauer - Total",114
"1991","Schweiz","Ehedauer - Total",13628
"1991","Zürich","Ehedauer - Total",2929
"1991","Bern / Berne","Ehedauer - Total",1589
"1991","Luzern","Ehedauer - Total",461
"1991","Uri","Ehedauer - Total",30
"1991","Schwyz","Ehedauer - Total",158
"1991","Obwalden","Ehedauer - Total",29
"1991","Nidwalden","Ehedauer - Total",45
"1991","Glarus","Ehedauer - Total",57
"1991","Zug","Ehedauer - Total",122
"1991","Fribourg / Freiburg","Ehedauer - Total",351
"1991","Solothurn","Ehedauer - Total",413
"1991","Basel-Stadt","Ehedauer - Total",456
"1991","Basel-Landschaft","Ehedauer - Total",504
"1991","Schaffhausen","Ehedauer - Total",136
"1991","Appenzell Ausserrhoden","Ehedauer - Total",72
"1991","Appenzell Innerrhoden","Ehedauer - Total",6
"1991","St. Gallen","Ehedauer - Total",737
"1991","Graubünden / Grigioni / Grischun","Ehedauer - Total",250
"1991","Aargau","Ehedauer - Total",882
"1991","Thurgau","Ehedauer - Total",407
"1991","Ticino","Ehedauer - Total",560
"1991","Vaud","Ehedauer - Total",1419
"1991","Valais / Wallis","Ehedauer - Total",346
"1991","Neuchâtel","Ehedauer - Total",382
"1991","Genève","Ehedauer - Total",1199
"1991","Jura","Ehedauer - Total",88
"1992","Schweiz","Ehedauer - Total",14530
"1992","Zürich","Ehedauer - Total",3088
"1992","Bern / Berne","Ehedauer - Total",1717
"1992","Luzern","Ehedauer - Total",482
"1992","Uri","Ehedauer - Total",36
"1992","Schwyz","Ehedauer - Total",208
"1992","Obwalden","Ehedauer - Total",32
"1992","Nidwalden","Ehedauer - Total",51
"1992","Glarus","Ehedauer - Total",79
"1992","Zug","Ehedauer - Total",155
"1992","Fribourg / Freiburg","Ehedauer - Total",337
"1992","Solothurn","Ehedauer - Total",461
"1992","Basel-Stadt","Ehedauer - Total",388
"1992","Basel-Landschaft","Ehedauer - Total",495
"1992","Schaffhausen","Ehedauer - Total",146
"1992","Appenzell Ausserrhoden","Ehedauer - Total",88
"1992","Appenzell Innerrhoden","Ehedauer - Total",19
"1992","St. Gallen","Ehedauer - Total",911
"1992","Graubünden / Grigioni / Grischun","Ehedauer - Total",281
"1992","Aargau","Ehedauer - Total",963
"1992","Thurgau","Ehedauer - Total",428
"1992","Ticino","Ehedauer - Total",580
"1992","Vaud","Ehedauer - Total",1379
"1992","Valais / Wallis","Ehedauer - Total",415
"1992","Neuchâtel","Ehedauer - Total",395
"1992","Genève","Ehedauer - Total",1283
"1992","Jura","Ehedauer - Total",113
"1993","Schweiz","Ehedauer - Total",15054
"1993","Zürich","Ehedauer - Total",3067
"1993","Bern / Berne","Ehedauer - Total",1694
"1993","Luzern","Ehedauer - Total",478
"1993","Uri","Ehedauer - Total",30
"1993","Schwyz","Ehedauer - Total",226
"1993","Obwalden","Ehedauer - Total",30
"1993","Nidwalden","Ehedauer - Total",47
"1993","Glarus","Ehedauer - Total",76
"1993","Zug","Ehedauer - Total",159
"1993","Fribourg / Freiburg","Ehedauer - Total",440
"1993","Solothurn","Ehedauer - Total",569
"1993","Basel-Stadt","Ehedauer - Total",500
"1993","Basel-Landschaft","Ehedauer - Total",527
"1993","Schaffhausen","Ehedauer - Total",143
"1993","Appenzell Ausserrhoden","Ehedauer - Total",93
"1993","Appenzell Innerrhoden","Ehedauer - Total",14
"1993","St. Gallen","Ehedauer - Total",867
"1993","Graubünden / Grigioni / Grischun","Ehedauer - Total",265
"1993","Aargau","Ehedauer - Total",1059
"1993","Thurgau","Ehedauer - Total",466
"1993","Ticino","Ehedauer - Total",643
"1993","Vaud","Ehedauer - Total",1568
"1993","Valais / Wallis","Ehedauer - Total",421
"1993","Neuchâtel","Ehedauer - Total",385
"1993","Genève","Ehedauer - Total",1160
"1993","Jura","Ehedauer - Total",127
"1994","Schweiz","Ehedauer - Total",15634
"1994","Zürich","Ehedauer - Total",3186
"1994","Bern / Berne","Ehedauer - Total",1778
"1994","Luzern","Ehedauer - Total",510
"1994","Uri","Ehedauer - Total",32
"1994","Schwyz","Ehedauer - Total",221
"1994","Obwalden","Ehedauer - Total",38
"1994","Nidwalden","Ehedauer - Total",60
"1994","Glarus","Ehedauer - Total",86
"1994","Zug","Ehedauer - Total",171
"1994","Fribourg / Freiburg","Ehedauer - Total",419
"1994","Solothurn","Ehedauer - Total",595
"1994","Basel-Stadt","Ehedauer - Total",548
"1994","Basel-Landschaft","Ehedauer - Total",554
"1994","Schaffhausen","Ehedauer - Total",149
"1994","Appenzell Ausserrhoden","Ehedauer - Total",116
"1994","Appenzell Innerrhoden","Ehedauer - Total",16
"1994","St. Gallen","Ehedauer - Total",908
"1994","Graubünden / Grigioni / Grischun","Ehedauer - Total",276
"1994","Aargau","Ehedauer - Total",1034
"1994","Thurgau","Ehedauer - Total",523
"1994","Ticino","Ehedauer - Total",699
"1994","Vaud","Ehedauer - Total",1545
"1994","Valais / Wallis","Ehedauer - Total",447
"1994","Neuchâtel","Ehedauer - Total",411
"1994","Genève","Ehedauer - Total",1202
"1994","Jura","Ehedauer - Total",110
"1995","Schweiz","Ehedauer - Total",15703
"1995","Zürich","Ehedauer - Total",3126
"1995","Bern / Berne","Ehedauer - Total",1859
"1995","Luzern","Ehedauer - Total",530
"1995","Uri","Ehedauer - Total",38
"1995","Schwyz","Ehedauer - Total",195
"1995","Obwalden","Ehedauer - Total",38
"1995","Nidwalden","Ehedauer - Total",68
"1995","Glarus","Ehedauer - Total",100
"1995","Zug","Ehedauer - Total",182
"1995","Fribourg / Freiburg","Ehedauer - Total",457
"1995","Solothurn","Ehedauer - Total",574
"1995","Basel-Stadt","Ehedauer - Total",525
"1995","Basel-Landschaft","Ehedauer - Total",591
"1995","Schaffhausen","Ehedauer - Total",149
"1995","Appenzell Ausserrhoden","Ehedauer - Total",125
"1995","Appenzell Innerrhoden","Ehedauer - Total",17
"1995","St. Gallen","Ehedauer - Total",890
"1995","Graubünden / Grigioni / Grischun","Ehedauer - Total",291
"1995","Aargau","Ehedauer - Total",1049
"1995","Thurgau","Ehedauer - Total",466
"1995","Ticino","Ehedauer - Total",637
"1995","Vaud","Ehedauer - Total",1642
"1995","Valais / Wallis","Ehedauer - Total",435
"1995","Neuchâtel","Ehedauer - Total",419
"1995","Genève","Ehedauer - Total",1167
"1995","Jura","Ehedauer - Total",133
"1996","Schweiz","Ehedauer - Total",16172
"1996","Zürich","Ehedauer - Total",3188
"1996","Bern / Berne","Ehedauer - Total",1944
"1996","Luzern","Ehedauer - Total",531
"1996","Uri","Ehedauer - Total",54
"1996","Schwyz","Ehedauer - Total",230
"1996","Obwalden","Ehedauer - Total",40
"1996","Nidwalden","Ehedauer - Total",55
"1996","Glarus","Ehedauer - Total",87
"1996","Zug","Ehedauer - Total",204
"1996","Fribourg / Freiburg","Ehedauer - Total",454
"1996","Solothurn","Ehedauer - Total",609
"1996","Basel-Stadt","Ehedauer - Total",499
"1996","Basel-Landschaft","Ehedauer - Total",659
"1996","Schaffhausen","Ehedauer - Total",183
"1996","Appenzell Ausserrhoden","Ehedauer - Total",99
"1996","Appenzell Innerrhoden","Ehedauer - Total",9
"1996","St. Gallen","Ehedauer - Total",953
"1996","Graubünden / Grigioni / Grischun","Ehedauer - Total",291
"1996","Aargau","Ehedauer - Total",1111
"1996","Thurgau","Ehedauer - Total",520
"1996","Ticino","Ehedauer - Total",619
"1996","Vaud","Ehedauer - Total",1657
"1996","Valais / Wallis","Ehedauer - Total",489
"1996","Neuchâtel","Ehedauer - Total",453
"1996","Genève","Ehedauer - Total",1109
"1996","Jura","Ehedauer - Total",125
"1997","Schweiz","Ehedauer - Total",17073
"1997","Zürich","Ehedauer - Total",3456
"1997","Bern / Berne","Ehedauer - Total",1968
"1997","Luzern","Ehedauer - Total",582
"1997","Uri","Ehedauer - Total",36
"1997","Schwyz","Ehedauer - Total",247
"1997","Obwalden","Ehedauer - Total",40
"1997","Nidwalden","Ehedauer - Total",69
"1997","Glarus","Ehedauer - Total",79
"1997","Zug","Ehedauer - Total",197
"1997","Fribourg / Freiburg","Ehedauer - Total",486
"1997","Solothurn","Ehedauer - Total",591
"1997","Basel-Stadt","Ehedauer - Total",526
"1997","Basel-Landschaft","Ehedauer - Total",640
"1997","Schaffhausen","Ehedauer - Total",174
"1997","Appenzell Ausserrhoden","Ehedauer - Total",145
"1997","Appenzell Innerrhoden","Ehedauer - Total",21
"1997","St. Gallen","Ehedauer - Total",1031
"1997","Graubünden / Grigioni / Grischun","Ehedauer - Total",343
"1997","Aargau","Ehedauer - Total",1230
"1997","Thurgau","Ehedauer - Total",515
"1997","Ticino","Ehedauer - Total",720
"1997","Vaud","Ehedauer - Total",1618
"1997","Valais / Wallis","Ehedauer - Total",551
"1997","Neuchâtel","Ehedauer - Total",473
"1997","Genève","Ehedauer - Total",1197
"1997","Jura","Ehedauer - Total",138
"1998","Schweiz","Ehedauer - Total",17868
"1998","Zürich","Ehedauer - Total",3602
"1998","Bern / Berne","Ehedauer - Total",2160
"1998","Luzern","Ehedauer - Total",620
"1998","Uri","Ehedauer - Total",31
"1998","Schwyz","Ehedauer - Total",259
"1998","Obwalden","Ehedauer - Total",38
"1998","Nidwalden","Ehedauer - Total",74
"1998","Glarus","Ehedauer - Total",86
"1998","Zug","Ehedauer - Total",223
"1998","Fribourg / Freiburg","Ehedauer - Total",516
"1998","Solothurn","Ehedauer - Total",640
"1998","Basel-Stadt","Ehedauer - Total",511
"1998","Basel-Landschaft","Ehedauer - Total",612
"1998","Schaffhausen","Ehedauer - Total",200
"1998","Appenzell Ausserrhoden","Ehedauer - Total",112
"1998","Appenzell Innerrhoden","Ehedauer - Total",7
"1998","St. Gallen","Ehedauer - Total",1020
"1998","Graubünden / Grigioni / Grischun","Ehedauer - Total",357
"1998","Aargau","Ehedauer - Total",1383
"1998","Thurgau","Ehedauer - Total",606
"1998","Ticino","Ehedauer - Total",689
"1998","Vaud","Ehedauer - Total",1789
"1998","Valais / Wallis","Ehedauer - Total",534
"1998","Neuchâtel","Ehedauer - Total",493
"1998","Genève","Ehedauer - Total",1149
"1998","Jura","Ehedauer - Total",157
"1999","Schweiz","Ehedauer - Total",20809
"1999","Zürich","Ehedauer - Total",3828
"1999","Bern / Berne","Ehedauer - Total",2737
"1999","Luzern","Ehedauer - Total",662
"1999","Uri","Ehedauer - Total",57
"1999","Schwyz","Ehedauer - Total",303
"1999","Obwalden","Ehedauer - Total",53
"1999","Nidwalden","Ehedauer - Total",72
"1999","Glarus","Ehedauer - Total",111
"1999","Zug","Ehedauer - Total",270
"1999","Fribourg / Freiburg","Ehedauer - Total",559
"1999","Solothurn","Ehedauer - Total",876
"1999","Basel-Stadt","Ehedauer - Total",577
"1999","Basel-Landschaft","Ehedauer - Total",820
"1999","Schaffhausen","Ehedauer - Total",218
"1999","Appenzell Ausserrhoden","Ehedauer - Total",133
"1999","Appenzell Innerrhoden","Ehedauer - Total",23
"1999","St. Gallen","Ehedauer - Total",1259
"1999","Graubünden / Grigioni / Grischun","Ehedauer - Total",415
"1999","Aargau","Ehedauer - Total",1453
"1999","Thurgau","Ehedauer - Total",584
"1999","Ticino","Ehedauer - Total",813
"1999","Vaud","Ehedauer - Total",2178
"1999","Valais / Wallis","Ehedauer - Total",696
"1999","Neuchâtel","Ehedauer - Total",582
"1999","Genève","Ehedauer - Total",1351
"1999","Jura","Ehedauer - Total",179
"2000","Schweiz","Ehedauer - Total",10511
"2000","Zürich","Ehedauer - Total",1977
"2000","Bern / Berne","Ehedauer - Total",1006
"2000","Luzern","Ehedauer - Total",510
"2000","Uri","Ehedauer - Total",20
"2000","Schwyz","Ehedauer - Total",127
"2000","Obwalden","Ehedauer - Total",33
"2000","Nidwalden","Ehedauer - Total",41
"2000","Glarus","Ehedauer - Total",28
"2000","Zug","Ehedauer - Total",124
"2000","Fribourg / Freiburg","Ehedauer - Total",448
"2000","Solothurn","Ehedauer - Total",291
"2000","Basel-Stadt","Ehedauer - Total",228
"2000","Basel-Landschaft","Ehedauer - Total",234
"2000","Schaffhausen","Ehedauer - Total",89
"2000","Appenzell Ausserrhoden","Ehedauer - Total",78
"2000","Appenzell Innerrhoden","Ehedauer - Total",12
"2000","St. Gallen","Ehedauer - Total",728
"2000","Graubünden / Grigioni / Grischun","Ehedauer - Total",327
"2000","Aargau","Ehedauer - Total",780
"2000","Thurgau","Ehedauer - Total",404
"2000","Ticino","Ehedauer - Total",384
"2000","Vaud","Ehedauer - Total",893
"2000","Valais / Wallis","Ehedauer - Total",390
"2000","Neuchâtel","Ehedauer - Total",316
"2000","Genève","Ehedauer - Total",982
"2000","Jura","Ehedauer - Total",61
"2001","Schweiz","Ehedauer - Total",15778
"2001","Zürich","Ehedauer - Total",2708
"2001","Bern / Berne","Ehedauer - Total",1832
"2001","Luzern","Ehedauer - Total",554
"2001","Uri","Ehedauer - Total",45
"2001","Schwyz","Ehedauer - Total",224
"2001","Obwalden","Ehedauer - Total",26
"2001","Nidwalden","Ehedauer - Total",69
"2001","Glarus","Ehedauer - Total",67
"2001","Zug","Ehedauer - Total",225
"2001","Fribourg / Freiburg","Ehedauer - Total",536
"2001","Solothurn","Ehedauer - Total",549
"2001","Basel-Stadt","Ehedauer - Total",520
"2001","Basel-Landschaft","Ehedauer - Total",523
"2001","Schaffhausen","Ehedauer - Total",162
"2001","Appenzell Ausserrhoden","Ehedauer - Total",113
"2001","Appenzell Innerrhoden","Ehedauer - Total",16
"2001","St. Gallen","Ehedauer - Total",933
"2001","Graubünden / Grigioni / Grischun","Ehedauer - Total",328
"2001","Aargau","Ehedauer - Total",1065
"2001","Thurgau","Ehedauer - Total",462
"2001","Ticino","Ehedauer - Total",677
"2001","Vaud","Ehedauer - Total",1934
"2001","Valais / Wallis","Ehedauer - Total",563
"2001","Neuchâtel","Ehedauer - Total",499
"2001","Genève","Ehedauer - Total",1065
"2001","Jura","Ehedauer - Total",83
"2002","Schweiz","Ehedauer - Total",16363
"2002","Zürich","Ehedauer - Total",2959
"2002","Bern / Berne","Ehedauer - Total",1890
"2002","Luzern","Ehedauer - Total",537
"2002","Uri","Ehedauer - Total",50
"2002","Schwyz","Ehedauer - Total",292
"2002","Obwalden","Ehedauer - Total",39
"2002","Nidwalden","Ehedauer - Total",77
"2002","Glarus","Ehedauer - Total",64
"2002","Zug","Ehedauer - Total",227
"2002","Fribourg / Freiburg","Ehedauer - Total",543
"2002","Solothurn","Ehedauer - Total",518
"2002","Basel-Stadt","Ehedauer - Total",477
"2002","Basel-Landschaft","Ehedauer - Total",519
"2002","Schaffhausen","Ehedauer - Total",161
"2002","Appenzell Ausserrhoden","Ehedauer - Total",113
"2002","Appenzell Innerrhoden","Ehedauer - Total",18
"2002","St. Gallen","Ehedauer - Total",1012
"2002","Graubünden / Grigioni / Grischun","Ehedauer - Total",372
"2002","Aargau","Ehedauer - Total",1163
"2002","Thurgau","Ehedauer - Total",558
"2002","Ticino","Ehedauer - Total",718
"2002","Vaud","Ehedauer - Total",1752
"2002","Valais / Wallis","Ehedauer - Total",554
"2002","Neuchâtel","Ehedauer - Total",529
"2002","Genève","Ehedauer - Total",1120
"2002","Jura","Ehedauer - Total",101
"2003","Schweiz","Ehedauer - Total",16799
"2003","Zürich","Ehedauer - Total",3218
"2003","Bern / Berne","Ehedauer - Total",1993
"2003","Luzern","Ehedauer - Total",593
"2003","Uri","Ehedauer - Total",32
"2003","Schwyz","Ehedauer - Total",271
"2003","Obwalden","Ehedauer - Total",44
"2003","Nidwalden","Ehedauer - Total",79
"2003","Glarus","Ehedauer - Total",77
"2003","Zug","Ehedauer - Total",181
"2003","Fribourg / Freiburg","Ehedauer - Total",569
"2003","Solothurn","Ehedauer - Total",579
"2003","Basel-Stadt","Ehedauer - Total",502
"2003","Basel-Landschaft","Ehedauer - Total",549
"2003","Schaffhausen","Ehedauer - Total",165
"2003","Appenzell Ausserrhoden","Ehedauer - Total",122
"2003","Appenzell Innerrhoden","Ehedauer - Total",9
"2003","St. Gallen","Ehedauer - Total",1078
"2003","Graubünden / Grigioni / Grischun","Ehedauer - Total",395
"2003","Aargau","Ehedauer - Total",1227
"2003","Thurgau","Ehedauer - Total",510
"2003","Ticino","Ehedauer - Total",664
"2003","Vaud","Ehedauer - Total",1686
"2003","Valais / Wallis","Ehedauer - Total",616
"2003","Neuchâtel","Ehedauer - Total",424
"2003","Genève","Ehedauer - Total",1061
"2003","Jura","Ehedauer - Total",155
"2004","Schweiz","Ehedauer - Total",17949
"2004","Zürich","Ehedauer - Total",3399
"2004","Bern / Berne","Ehedauer - Total",2169
"2004","Luzern","Ehedauer - Total",635
"2004","Uri","Ehedauer - Total",36
"2004","Schwyz","Ehedauer - Total",316
"2004","Obwalden","Ehedauer - Total",54
"2004","Nidwalden","Ehedauer - Total",80
"2004","Glarus","Ehedauer - Total",77
"2004","Zug","Ehedauer - Total",250
"2004","Fribourg / Freiburg","Ehedauer - Total",626
"2004","Solothurn","Ehedauer - Total",648
"2004","Basel-Stadt","Ehedauer - Total",543
"2004","Basel-Landschaft","Ehedauer - Total",622
"2004","Schaffhausen","Ehedauer - Total",117
"2004","Appenzell Ausserrhoden","Ehedauer - Total",139
"2004","Appenzell Innerrhoden","Ehedauer - Total",11
"2004","St. Gallen","Ehedauer - Total",1079
"2004","Graubünden / Grigioni / Grischun","Ehedauer - Total",410
"2004","Aargau","Ehedauer - Total",1292
"2004","Thurgau","Ehedauer - Total",566
"2004","Ticino","Ehedauer - Total",721
"2004","Vaud","Ehedauer - Total",1987
"2004","Valais / Wallis","Ehedauer - Total",619
"2004","Neuchâtel","Ehedauer - Total",574
"2004","Genève","Ehedauer - Total",874
"2004","Jura","Ehedauer - Total",105
"2005","Schweiz","Ehedauer - Total",21332
"2005","Zürich","Ehedauer - Total",4356
"2005","Bern / Berne","Ehedauer - Total",2775
"2005","Luzern","Ehedauer - Total",732
"2005","Uri","Ehedauer - Total",60
"2005","Schwyz","Ehedauer - Total",302
"2005","Obwalden","Ehedauer - Total",46
"2005","Nidwalden","Ehedauer - Total",74
"2005","Glarus","Ehedauer - Total",91
"2005","Zug","Ehedauer - Total",291
"2005","Fribourg / Freiburg","Ehedauer - Total",713
"2005","Solothurn","Ehedauer - Total",744
"2005","Basel-Stadt","Ehedauer - Total",585
"2005","Basel-Landschaft","Ehedauer - Total",727
"2005","Schaffhausen","Ehedauer - Total",170
"2005","Appenzell Ausserrhoden","Ehedauer - Total",173
"2005","Appenzell Innerrhoden","Ehedauer - Total",31
"2005","St. Gallen","Ehedauer - Total",1219
"2005","Graubünden / Grigioni / Grischun","Ehedauer - Total",424
"2005","Aargau","Ehedauer - Total",1525
"2005","Thurgau","Ehedauer - Total",653
"2005","Ticino","Ehedauer - Total",822
"2005","Vaud","Ehedauer - Total",2153
"2005","Valais / Wallis","Ehedauer - Total",637
"2005","Neuchâtel","Ehedauer - Total",609
"2005","Genève","Ehedauer - Total",1251
"2005","Jura","Ehedauer - Total",169
"2006","Schweiz","Ehedauer - Total",20981
"2006","Zürich","Ehedauer - Total",4036
"2006","Bern / Berne","Ehedauer - Total",2618
"2006","Luzern","Ehedauer - Total",792
"2006","Uri","Ehedauer - Total",41
"2006","Schwyz","Ehedauer - Total",350
"2006","Obwalden","Ehedauer - Total",53
"2006","Nidwalden","Ehedauer - Total",96
"2006","Glarus","Ehedauer - Total",87
"2006","Zug","Ehedauer - Total",262
"2006","Fribourg / Freiburg","Ehedauer - Total",674
"2006","Solothurn","Ehedauer - Total",693
"2006","Basel-Stadt","Ehedauer - Total",598
"2006","Basel-Landschaft","Ehedauer - Total",766
"2006","Schaffhausen","Ehedauer - Total",165
"2006","Appenzell Ausserrhoden","Ehedauer - Total",130
"2006","Appenzell Innerrhoden","Ehedauer - Total",32
"2006","St. Gallen","Ehedauer - Total",1165
"2006","Graubünden / Grigioni / Grischun","Ehedauer - Total",432
"2006","Aargau","Ehedauer - Total",1613
"2006","Thurgau","Ehedauer - Total",586
"2006","Ticino","Ehedauer - Total",762
"2006","Vaud","Ehedauer - Total",2125
"2006","Valais / Wallis","Ehedauer - Total",771
"2006","Neuchâtel","Ehedauer - Total",639
"2006","Genève","Ehedauer - Total",1310
"2006","Jura","Ehedauer - Total",185
"2007","Schweiz","Ehedauer - Total",19882
"2007","Zürich","Ehedauer - Total",3850
"2007","Bern / Berne","Ehedauer - Total",2402
"2007","Luzern","Ehedauer - Total",751
"2007","Uri","Ehedauer - Total",55
"2007","Schwyz","Ehedauer - Total",314
"2007","Obwalden","Ehedauer - Total",76
"2007","Nidwalden","Ehedauer - Total",98
"2007","Glarus","Ehedauer - Total",86
"2007","Zug","Ehedauer - Total",255
"2007","Fribourg / Freiburg","Ehedauer - Total",695
"2007","Solothurn","Ehedauer - Total",692
"2007","Basel-Stadt","Ehedauer - Total",587
"2007","Basel-Landschaft","Ehedauer - Total",630
"2007","Schaffhausen","Ehedauer - Total",206
"2007","Appenzell Ausserrhoden","Ehedauer - Total",113
"2007","Appenzell Innerrhoden","Ehedauer - Total",21
"2007","St. Gallen","Ehedauer - Total",1046
"2007","Graubünden / Grigioni / Grischun","Ehedauer - Total",431
"2007","Aargau","Ehedauer - Total",1453
"2007","Thurgau","Ehedauer - Total",585
"2007","Ticino","Ehedauer - Total",806
"2007","Vaud","Ehedauer - Total",2028
"2007","Valais / Wallis","Ehedauer - Total",678
"2007","Neuchâtel","Ehedauer - Total",592
"2007","Genève","Ehedauer - Total",1272
"2007","Jura","Ehedauer - Total",160
"2008","Schweiz","Ehedauer - Total",19613
"2008","Zürich","Ehedauer - Total",3929
"2008","Bern / Berne","Ehedauer - Total",2333
"2008","Luzern","Ehedauer - Total",748
"2008","Uri","Ehedauer - Total",54
"2008","Schwyz","Ehedauer - Total",297
"2008","Obwalden","Ehedauer - Total",69
"2008","Nidwalden","Ehedauer - Total",71
"2008","Glarus","Ehedauer - Total",85
"2008","Zug","Ehedauer - Total",257
"2008","Fribourg / Freiburg","Ehedauer - Total",692
"2008","Solothurn","Ehedauer - Total",677
"2008","Basel-Stadt","Ehedauer - Total",527
"2008","Basel-Landschaft","Ehedauer - Total",698
"2008","Schaffhausen","Ehedauer - Total",230
"2008","Appenzell Ausserrhoden","Ehedauer - Total",122
"2008","Appenzell Innerrhoden","Ehedauer - Total",15
"2008","St. Gallen","Ehedauer - Total",1050
"2008","Graubünden / Grigioni / Grischun","Ehedauer - Total",400
"2008","Aargau","Ehedauer - Total",1415
"2008","Thurgau","Ehedauer - Total",581
"2008","Ticino","Ehedauer - Total",803
"2008","Vaud","Ehedauer - Total",1949
"2008","Valais / Wallis","Ehedauer - Total",657
"2008","Neuchâtel","Ehedauer - Total",561
"2008","Genève","Ehedauer - Total",1220
"2008","Jura","Ehedauer - Total",173
"2009","Schweiz","Ehedauer - Total",19321
"2009","Zürich","Ehedauer - Total",3957
"2009","Bern / Berne","Ehedauer - Total",2373
"2009","Luzern","Ehedauer - Total",777
"2009","Uri","Ehedauer - Total",40
"2009","Schwyz","Ehedauer - Total",310
"2009","Obwalden","Ehedauer - Total",57
"2009","Nidwalden","Ehedauer - Total",79
"2009","Glarus","Ehedauer - Total",81
"2009","Zug","Ehedauer - Total",245
"2009","Fribourg / Freiburg","Ehedauer - Total",698
"2009","Solothurn","Ehedauer - Total",663
"2009","Basel-Stadt","Ehedauer - Total",554
"2009","Basel-Landschaft","Ehedauer - Total",604
"2009","Schaffhausen","Ehedauer - Total",204
"2009","Appenzell Ausserrhoden","Ehedauer - Total",144
"2009","Appenzell Innerrhoden","Ehedauer - Total",15
"2009","St. Gallen","Ehedauer - Total",881
"2009","Graubünden / Grigioni / Grischun","Ehedauer - Total",372
"2009","Aargau","Ehedauer - Total",1409
"2009","Thurgau","Ehedauer - Total",558
"2009","Ticino","Ehedauer - Total",813
"2009","Vaud","Ehedauer - Total",1852
"2009","Valais / Wallis","Ehedauer - Total",635
"2009","Neuchâtel","Ehedauer - Total",609
"2009","Genève","Ehedauer - Total",1211
"2009","Jura","Ehedauer - Total",180
"2010","Schweiz","Ehedauer - Total",22081
"2010","Zürich","Ehedauer - Total",4379
"2010","Bern / Berne","Ehedauer - Total",2713
"2010","Luzern","Ehedauer - Total",829
"2010","Uri","Ehedauer - Total",50
"2010","Schwyz","Ehedauer - Total",340
"2010","Obwalden","Ehedauer - Total",68
"2010","Nidwalden","Ehedauer - Total",108
"2010","Glarus","Ehedauer - Total",76
"2010","Zug","Ehedauer - Total",280
"2010","Fribourg / Freiburg","Ehedauer - Total",730
"2010","Solothurn","Ehedauer - Total",753
"2010","Basel-Stadt","Ehedauer - Total",647
"2010","Basel-Landschaft","Ehedauer - Total",683
"2010","Schaffhausen","Ehedauer - Total",175
"2010","Appenzell Ausserrhoden","Ehedauer - Total",150
"2010","Appenzell Innerrhoden","Ehedauer - Total",34
"2010","St. Gallen","Ehedauer - Total",1253
"2010","Graubünden / Grigioni / Grischun","Ehedauer - Total",415
"2010","Aargau","Ehedauer - Total",1695
"2010","Thurgau","Ehedauer - Total",657
"2010","Ticino","Ehedauer - Total",885
"2010","Vaud","Ehedauer - Total",2111
"2010","Valais / Wallis","Ehedauer - Total",819
"2010","Neuchâtel","Ehedauer - Total",613
"2010","Genève","Ehedauer - Total",1410
"2010","Jura","Ehedauer - Total",208
"2011","Schweiz","Ehedauer - Total",17566
"2011","Zürich","Ehedauer - Total",3349
"2011","Bern / Berne","Ehedauer - Total",2259
"2011","Luzern","Ehedauer - Total",651
"2011","Uri","Ehedauer - Total",47
"2011","Schwyz","Ehedauer - Total",317
"2011","Obwalden","Ehedauer - Total",61
"2011","Nidwalden","Ehedauer - Total",72
"2011","Glarus","Ehedauer - Total",54
"2011","Zug","Ehedauer - Total",242
"2011","Fribourg / Freiburg","Ehedauer - Total",679
"2011","Solothurn","Ehedauer - Total",573
"2011","Basel-Stadt","Ehedauer - Total",411
"2011","Basel-Landschaft","Ehedauer - Total",589
"2011","Schaffhausen","Ehedauer - Total",173
"2011","Appenzell Ausserrhoden","Ehedauer - Total",107
"2011","Appenzell Innerrhoden","Ehedauer - Total",16
"2011","St. Gallen","Ehedauer - Total",916
"2011","Graubünden / Grigioni / Grischun","Ehedauer - Total",355
"2011","Aargau","Ehedauer - Total",1279
"2011","Thurgau","Ehedauer - Total",536
"2011","Ticino","Ehedauer - Total",737
"2011","Vaud","Ehedauer - Total",1585
"2011","Valais / Wallis","Ehedauer - Total",684
"2011","Neuchâtel","Ehedauer - Total",534
"2011","Genève","Ehedauer - Total",1154
"2011","Jura","Ehedauer - Total",186
"2012","Schweiz","Ehedauer - Total",17550
"2012","Zürich","Ehedauer - Total",3326
"2012","Bern / Berne","Ehedauer - Total",2286
"2012","Luzern","Ehedauer - Total",674
"2012","Uri","Ehedauer - Total",56
"2012","Schwyz","Ehedauer - Total",260
"2012","Obwalden","Ehedauer - Total",65
"2012","Nidwalden","Ehedauer - Total",78
"2012","Glarus","Ehedauer - Total",81
"2012","Zug","Ehedauer - Total",244
"2012","Fribourg / Freiburg","Ehedauer - Total",657
"2012","Solothurn","Ehedauer - Total",531
"2012","Basel-Stadt","Ehedauer - Total",449
"2012","Basel-Landschaft","Ehedauer - Total",589
"2012","Schaffhausen","Ehedauer - Total",161
"2012","Appenzell Ausserrhoden","Ehedauer - Total",105
"2012","Appenzell Innerrhoden","Ehedauer - Total",23
"2012","St. Gallen","Ehedauer - Total",959
"2012","Graubünden / Grigioni / Grischun","Ehedauer - Total",354
"2012","Aargau","Ehedauer - Total",1241
"2012","Thurgau","Ehedauer - Total",475
"2012","Ticino","Ehedauer - Total",704
"2012","Vaud","Ehedauer - Total",1679
"2012","Valais / Wallis","Ehedauer - Total",694
"2012","Neuchâtel","Ehedauer - Total",492
"2012","Genève","Ehedauer - Total",1209
"2012","Jura","Ehedauer - Total",158
"2013","Schweiz","Ehedauer - Total",17119
"2013","Zürich","Ehedauer - Total",3195
"2013","Bern / Berne","Ehedauer - Total",2162
"2013","Luzern","Ehedauer - Total",671
"2013","Uri","Ehedauer - Total",47
"2013","Schwyz","Ehedauer - Total",275
"2013","Obwalden","Ehedauer - Total",47
"2013","Nidwalden","Ehedauer - Total",72
"2013","Glarus","Ehedauer - Total",69
"2013","Zug","Ehedauer - Total",229
"2013","Fribourg / Freiburg","Ehedauer - Total",617
"2013","Solothurn","Ehedauer - Total",571
"2013","Basel-Stadt","Ehedauer - Total",412
"2013","Basel-Landschaft","Ehedauer - Total",558
"2013","Schaffhausen","Ehedauer - Total",158
"2013","Appenzell Ausserrhoden","Ehedauer - Total",116
"2013","Appenzell Innerrhoden","Ehedauer - Total",24
"2013","St. Gallen","Ehedauer - Total",937
"2013","Graubünden / Grigioni / Grischun","Ehedauer - Total",327
"2013","Aargau","Ehedauer - Total",1222
"2013","Thurgau","Ehedauer - Total",461
"2013","Ticino","Ehedauer - Total",701
"2013","Vaud","Ehedauer - Total",1721
"2013","Valais / Wallis","Ehedauer - Total",632
"2013","Neuchâtel","Ehedauer - Total",505
"2013","Genève","Ehedauer - Total",1223
"2013","Jura","Ehedauer - Total",167
"2014","Schweiz","Ehedauer - Total",16737
"2014","Zürich","Ehedauer - Total",3184
"2014","Bern / Berne","Ehedauer - Total",2055
"2014","Luzern","Ehedauer - Total",665
"2014","Uri","Ehedauer - Total",41
"2014","Schwyz","Ehedauer - Total",279
"2014","Obwalden","Ehedauer - Total",52
"2014","Nidwalden","Ehedauer - Total",82
"2014","Glarus","Ehedauer - Total",70
"2014","Zug","Ehedauer - Total",205
"2014","Fribourg / Freiburg","Ehedauer - Total",626
"2014","Solothurn","Ehedauer - Total",532
"2014","Basel-Stadt","Ehedauer - Total",405
"2014","Basel-Landschaft","Ehedauer - Total",542
"2014","Schaffhausen","Ehedauer - Total",169
"2014","Appenzell Ausserrhoden","Ehedauer - Total",99
"2014","Appenzell Innerrhoden","Ehedauer - Total",27
"2014","St. Gallen","Ehedauer - Total",958
"2014","Graubünden / Grigioni / Grischun","Ehedauer - Total",352
"2014","Aargau","Ehedauer - Total",1239
"2014","Thurgau","Ehedauer - Total",501
"2014","Ticino","Ehedauer - Total",701
"2014","Vaud","Ehedauer - Total",1508
"2014","Valais / Wallis","Ehedauer - Total",653
"2014","Neuchâtel","Ehedauer - Total",468
"2014","Genève","Ehedauer - Total",1165
"2014","Jura","Ehedauer - Total",159
"2015","Schweiz","Ehedauer - Total",16960
"2015","Zürich","Ehedauer - Total",3127
"2015","Bern / Berne","Ehedauer - Total",2087
"2015","Luzern","Ehedauer - Total",656
"2015","Uri","Ehedauer - Total",48
"2015","Schwyz","Ehedauer - Total",294
"2015","Obwalden","Ehedauer - Total",62
"2015","Nidwalden","Ehedauer - Total",73
"2015","Glarus","Ehedauer - Total",80
"2015","Zug","Ehedauer - Total",222
"2015","Fribourg / Freiburg","Ehedauer - Total",597
"2015","Solothurn","Ehedauer - Total",516
"2015","Basel-Stadt","Ehedauer - Total",412
"2015","Basel-Landschaft","Ehedauer - Total",525
"2015","Schaffhausen","Ehedauer - Total",148
"2015","Appenzell Ausserrhoden","Ehedauer - Total",119
"2015","Appenzell Innerrhoden","Ehedauer - Total",15
"2015","St. Gallen","Ehedauer - Total",936
"2015","Graubünden / Grigioni / Grischun","Ehedauer - Total",360
"2015","Aargau","Ehedauer - Total",1301
"2015","Thurgau","Ehedauer - Total",483
"2015","Ticino","Ehedauer - Total",672
"2015","Vaud","Ehedauer - Total",1798
"2015","Valais / Wallis","Ehedauer - Total",694
"2015","Neuchâtel","Ehedauer - Total",436
"2015","Genève","Ehedauer - Total",1144
"2015","Jura","Ehedauer - Total",155
"2016","Schweiz","Ehedauer - Total",17028
"2016","Zürich","Ehedauer - Total",3193
"2016","Bern / Berne","Ehedauer - Total",2084
"2016","Luzern","Ehedauer - Total",634
"2016","Uri","Ehedauer - Total",41
"2016","Schwyz","Ehedauer - Total",260
"2016","Obwalden","Ehedauer - Total",58
"2016","Nidwalden","Ehedauer - Total",61
"2016","Glarus","Ehedauer - Total",80
"2016","Zug","Ehedauer - Total",223
"2016","Fribourg / Freiburg","Ehedauer - Total",638
"2016","Solothurn","Ehedauer - Total",545
"2016","Basel-Stadt","Ehedauer - Total",413
"2016","Basel-Landschaft","Ehedauer - Total",570
"2016","Schaffhausen","Ehedauer - Total",158
"2016","Appenzell Ausserrhoden","Ehedauer - Total",87
"2016","Appenzell Innerrhoden","Ehedauer - Total",17
"2016","St. Gallen","Ehedauer - Total",954
"2016","Graubünden / Grigioni / Grischun","Ehedauer - Total",342
"2016","Aargau","Ehedauer - Total",1294
"2016","Thurgau","Ehedauer - Total",504
"2016","Ticino","Ehedauer - Total",663
"2016","Vaud","Ehedauer - Total",1792
"2016","Valais / Wallis","Ehedauer - Total",680
"2016","Neuchâtel","Ehedauer - Total",449
"2016","Genève","Ehedauer - Total",1126
"2016","Jura","Ehedauer - Total",162
"2017","Schweiz","Ehedauer - Total",15906
"2017","Zürich","Ehedauer - Total",2979
"2017","Bern / Berne","Ehedauer - Total",1950
"2017","Luzern","Ehedauer - Total",634
"2017","Uri","Ehedauer - Total",46
"2017","Schwyz","Ehedauer - Total",291
"2017","Obwalden","Ehedauer - Total",43
"2017","Nidwalden","Ehedauer - Total",65
"2017","Glarus","Ehedauer - Total",57
"2017","Zug","Ehedauer - Total",191
"2017","Fribourg / Freiburg","Ehedauer - Total",595
"2017","Solothurn","Ehedauer - Total",485
"2017","Basel-Stadt","Ehedauer - Total",348
"2017","Basel-Landschaft","Ehedauer - Total",492
"2017","Schaffhausen","Ehedauer - Total",144
"2017","Appenzell Ausserrhoden","Ehedauer - Total",91
"2017","Appenzell Innerrhoden","Ehedauer - Total",19
"2017","St. Gallen","Ehedauer - Total",907
"2017","Graubünden / Grigioni / Grischun","Ehedauer - Total",306
"2017","Aargau","Ehedauer - Total",1196
"2017","Thurgau","Ehedauer - Total",475
"2017","Ticino","Ehedauer - Total",648
"2017","Vaud","Ehedauer - Total",1606
"2017","Valais / Wallis","Ehedauer - Total",653
"2017","Neuchâtel","Ehedauer - Total",358
"2017","Genève","Ehedauer - Total",1148
"2017","Jura","Ehedauer - Total",179
"2018","Schweiz","Ehedauer - Total",16542
"2018","Zürich","Ehedauer - Total",3046
"2018","Bern / Berne","Ehedauer - Total",1913
"2018","Luzern","Ehedauer - Total",703
"2018","Uri","Ehedauer - Total",40
"2018","Schwyz","Ehedauer - Total",272
"2018","Obwalden","Ehedauer - Total",43
"2018","Nidwalden","Ehedauer - Total",79
"2018","Glarus","Ehedauer - Total",66
"2018","Zug","Ehedauer - Total",236
"2018","Fribourg / Freiburg","Ehedauer - Total",594
"2018","Solothurn","Ehedauer - Total",576
"2018","Basel-Stadt","Ehedauer - Total",361
"2018","Basel-Landschaft","Ehedauer - Total",591
"2018","Schaffhausen","Ehedauer - Total",132
"2018","Appenzell Ausserrhoden","Ehedauer - Total",109
"2018","Appenzell Innerrhoden","Ehedauer - Total",25
"2018","St. Gallen","Ehedauer - Total",912
"2018","Graubünden / Grigioni / Grischun","Ehedauer - Total",341
"2018","Aargau","Ehedauer - Total",1268
"2018","Thurgau","Ehedauer - Total",487
"2018","Ticino","Ehedauer - Total",680
"2018","Vaud","Ehedauer - Total",1566
"2018","Valais / Wallis","Ehedauer - Total",713
"2018","Neuchâtel","Ehedauer - Total",410
"2018","Genève","Ehedauer - Total",1208
"2018","Jura","Ehedauer - Total",171
"2019","Schweiz","Ehedauer - Total",16885
"2019","Zürich","Ehedauer - Total",3100
"2019","Bern / Berne","Ehedauer - Total",1935
"2019","Luzern","Ehedauer - Total",671
"2019","Uri","Ehedauer - Total",47
"2019","Schwyz","Ehedauer - Total",307
"2019","Obwalden","Ehedauer - Total",54
"2019","Nidwalden","Ehedauer - Total",89
"2019","Glarus","Ehedauer - Total",58
"2019","Zug","Ehedauer - Total",244
"2019","Fribourg / Freiburg","Ehedauer - Total",626
"2019","Solothurn","Ehedauer - Total",486
"2019","Basel-Stadt","Ehedauer - Total",394
"2019","Basel-Landschaft","Ehedauer - Total",512
"2019","Schaffhausen","Ehedauer - Total",163
"2019","Appenzell Ausserrhoden","Ehedauer - Total",111
"2019","Appenzell Innerrhoden","Ehedauer - Total",16
"2019","St. Gallen","Ehedauer - Total",976
"2019","Graubünden / Grigioni / Grischun","Ehedauer - Total",342
"2019","Aargau","Ehedauer - Total",1391
"2019","Thurgau","Ehedauer - Total",527
"2019","Ticino","Ehedauer - Total",723
"2019","Vaud","Ehedauer - Total",1708
"2019","Valais / Wallis","Ehedauer - Total",711
"2019","Neuchâtel","Ehedauer - Total",392
"2019","Genève","Ehedauer - Total",1132
"2019","Jura","Ehedauer - Total",170
"2020","Schweiz","Ehedauer - Total",16210
"2020","Zürich","Ehedauer - Total",2823
"2020","Bern / Berne","Ehedauer - Total",2015
"2020","Luzern","Ehedauer - Total",723
"2020","Uri","Ehedauer - Total",48
"2020","Schwyz","Ehedauer - Total",314
"2020","Obwalden","Ehedauer - Total",58
"2020","Nidwalden","Ehedauer - Total",62
"2020","Glarus","Ehedauer - Total",62
"2020","Zug","Ehedauer - Total",218
"2020","Fribourg / Freiburg","Ehedauer - Total",599
"2020","Solothurn","Ehedauer - Total",496
"2020","Basel-Stadt","Ehedauer - Total",378
"2020","Basel-Landschaft","Ehedauer - Total",552
"2020","Schaffhausen","Ehedauer - Total",151
"2020","Appenzell Ausserrhoden","Ehedauer - Total",102
"2020","Appenzell Innerrhoden","Ehedauer - Total",32
"2020","St. Gallen","Ehedauer - Total",927
"2020","Graubünden / Grigioni / Grischun","Ehedauer - Total",327
"2020","Aargau","Ehedauer - Total",1205
"2020","Thurgau","Ehedauer - Total",497
"2020","Ticino","Ehedauer - Total",687
"2020","Vaud","Ehedauer - Total",1590
"2020","Valais / Wallis","Ehedauer - Total",704
"2020","Neuchâtel","Ehedauer - Total",375
"2020","Genève","Ehedauer - Total",1086
"2020","Jura","Ehedauer - Total",179
"2021","Schweiz","Ehedauer - Total",17159
"2021","Zürich","Ehedauer - Total",3053
"2021","Bern / Berne","Ehedauer - Total",1962
"2021","Luzern","Ehedauer - Total",740
"2021","Uri","Ehedauer - Total",59
"2021","Schwyz","Ehedauer - Total",312
"2021","Obwalden","Ehedauer - Total",66
"2021","Nidwalden","Ehedauer - Total",76
"2021","Glarus","Ehedauer - Total",70
"2021","Zug","Ehedauer - Total",223
"2021","Fribourg / Freiburg","Ehedauer - Total",719
"2021","Solothurn","Ehedauer - Total",545
"2021","Basel-Stadt","Ehedauer - Total",358
"2021","Basel-Landschaft","Ehedauer - Total",520
"2021","Schaffhausen","Ehedauer - Total",159
"2021","Appenzell Ausserrhoden","Ehedauer - Total",91
"2021","Appenzell Innerrhoden","Ehedauer - Total",28
"2021","St. Gallen","Ehedauer - Total",921
"2021","Graubünden / Grigioni / Grischun","Ehedauer - Total",329
"2021","Aargau","Ehedauer - Total",1482
"2021","Thurgau","Ehedauer - Total",523
"2021","Ticino","Ehedauer - Total",705
"2021","Vaud","Ehedauer - Total",1624
"2021","Valais / Wallis","Ehedauer - Total",710
"2021","Neuchâtel","Ehedauer - Total",435
"2021","Genève","Ehedauer - Total",1272
"2021","Jura","Ehedauer - Total",177
