Kanton;Jahr;CVP;SP;SVP
Zürich;1971;1.0;1.0;1.0
Bern;1971;;;
Luzern;1971;;;
Uri;1971;;;
Schwyz ;1971;;;
Obwalden;1971;;;
Nidwalden;1971;;;
Glarus;1971;;;
Zug;1971;;;
Freiburg;1971;44.4;20.8;6.5
Solothurn;1971;;;
Basel-Stadt;1971;;;
Basel-Landschaft;1971;;;
Schaffhausen;1971;;;
Appenzell A. Rh. ;1971;;;
Appenzell I. Rh.;1971;;;
St. Gallen;1971;;;
Graubünden;1971;;;
Aargau;1971;;;
Thurgau ;1971;;;
Tessin;1971;;;
Waadt;1971;;;
Wallis;1971;;;
Neuenburg;1971;;;
Genf;1971;;;
Zürich;1972;;;
Bern;1972;;;
Luzern;1972;;;
Uri;1972;;;
Schwyz ;1972;47.0;18.5;1.9
Obwalden;1972;;;
Nidwalden;1972;;;
Glarus;1972;;;
Zug;1972;;;
Freiburg;1972;44.4;20.8;6.5
Solothurn;1972;;;
Basel-Stadt;1972;13.1;25.6;0.8
Basel-Landschaft;1972;;;
Schaffhausen;1972;9.2;32.4;20.6
Appenzell A. Rh. ;1972;;;
Appenzell I. Rh.;1972;;;
St. Gallen;1972;46.2;13.0;0.1
Graubünden;1972;;;
Aargau;1972;;;
Thurgau ;1972;25.1;16.4;24.4
Tessin;1972;;;
Waadt;1972;;;
Wallis;1972;;;
Neuenburg;1972;;;
Genf;1972;;;
Zürich;1973;;;
Bern;1973;;;
Luzern;1973;;;
Uri;1973;;;
Schwyz ;1973;47.0;18.5;1.9
Obwalden;1973;;;
Nidwalden;1973;;;
Glarus;1973;;;
Zug;1973;;;
Freiburg;1973;44.4;20.8;6.5
Solothurn;1973;27.7;25.6;
Basel-Stadt;1973;13.1;25.6;0.8
Basel-Landschaft;1973;;;
Schaffhausen;1973;9.2;32.4;20.6
Appenzell A. Rh. ;1973;;;
Appenzell I. Rh.;1973;;;
St. Gallen;1973;46.2;13.0;0.1
Graubünden;1973;;;
Aargau;1973;23.9;22.2;14.5
Thurgau ;1973;25.1;16.4;24.4
Tessin;1973;;;
Waadt;1973;;;
Wallis;1973;59.8;11.1;0.0
Neuenburg;1973;0.0;33.5;0.0
Genf;1973;15.8;17.4;0.0
Zürich;1974;;;
Bern;1974;5.9;28.1;34.3
Luzern;1974;;;
Uri;1974;;;
Schwyz ;1974;47.0;18.5;1.9
Obwalden;1974;;;
Nidwalden;1974;;;
Glarus;1974;18.6;19.2;28.4
Zug;1974;48.2;11.1;0.0
Freiburg;1974;44.4;20.8;6.5
Solothurn;1974;27.7;25.6;0.0
Basel-Stadt;1974;13.1;25.6;0.8
Basel-Landschaft;1974;;;
Schaffhausen;1974;9.2;32.4;20.6
Appenzell A. Rh. ;1974;;;
Appenzell I. Rh.;1974;;;
St. Gallen;1974;46.2;13.0;0.1
Graubünden;1974;;;
Aargau;1974;23.9;22.2;14.5
Thurgau ;1974;25.1;16.4;24.4
Tessin;1974;;;
Waadt;1974;3.5;25.8;8.7
Wallis;1974;59.8;11.1;0.0
Neuenburg;1974;0.0;33.5;0.0
Genf;1974;15.8;17.4;0.0
Zürich;1975;11.2;21.8;16.4
Bern;1975;5.9;28.1;34.3
Luzern;1975;50.0;7.5;0.0
Uri;1975;;;
Schwyz ;1975;47.0;18.5;1.9
Obwalden;1975;;;
Nidwalden;1975;;;
Glarus;1975;18.6;19.2;28.4
Zug;1975;48.2;11.1;0.0
Freiburg;1975;44.4;20.8;6.5
Solothurn;1975;27.7;25.6;0.0
Basel-Stadt;1975;13.1;25.6;0.8
Basel-Landschaft;1975;12.6;24.4;8.2
Schaffhausen;1975;9.2;32.4;20.6
Appenzell A. Rh. ;1975;;;
Appenzell I. Rh.;1975;;;
St. Gallen;1975;46.2;13.0;0.1
Graubünden;1975;;;
Aargau;1975;23.9;22.2;14.5
Thurgau ;1975;25.1;16.4;24.4
Tessin;1975;34.3;12.9;2.9
Waadt;1975;3.5;25.8;8.7
Wallis;1975;59.8;11.1;0.0
Neuenburg;1975;0.0;33.5;0.0
Genf;1975;15.8;17.4;0.0
Zürich;1976;11.2;21.8;16.4
Bern;1976;5.9;28.1;34.3
Luzern;1976;50.0;7.5;0.0
Uri;1976;;;
Schwyz ;1976;46.4;18.0;2.3
Obwalden;1976;;;
Nidwalden;1976;;;
Glarus;1976;18.6;19.2;28.4
Zug;1976;48.2;11.1;0.0
Freiburg;1976;44.3;22.0;6.7
Solothurn;1976;27.7;25.6;0.0
Basel-Stadt;1976;12.7;28.6;0.0
Basel-Landschaft;1976;12.6;24.4;8.2
Schaffhausen;1976;9.8;29.5;20.3
Appenzell A. Rh. ;1976;;;
Appenzell I. Rh.;1976;;;
St. Gallen;1976;45.5;15.4;0.0
Graubünden;1976;;;
Aargau;1976;23.9;22.2;14.5
Thurgau ;1976;24.2;19.3;26.1
Tessin;1976;34.3;12.9;2.9
Waadt;1976;3.5;25.8;8.7
Wallis;1976;59.8;11.1;0.0
Neuenburg;1976;0.0;33.5;0.0
Genf;1976;15.8;17.4;0.0
Jura;1976;32.5;18.1;2.8
Zürich;1977;11.2;21.8;16.4
Bern;1977;5.9;28.1;34.3
Luzern;1977;50.0;7.5;0.0
Uri;1977;;;
Schwyz ;1977;46.4;18.0;2.3
Obwalden;1977;;;
Nidwalden;1977;;;
Glarus;1977;18.6;19.2;28.4
Zug;1977;48.2;11.1;0.0
Freiburg;1977;44.3;22.0;6.7
Solothurn;1977;28.8;25.3;0.0
Basel-Stadt;1977;12.7;28.6;0.0
Basel-Landschaft;1977;12.6;24.4;8.2
Schaffhausen;1977;9.8;29.5;20.3
Appenzell A. Rh. ;1977;;;
Appenzell I. Rh.;1977;;;
St. Gallen;1977;45.5;15.4;0.0
Graubünden;1977;;;
Aargau;1977;23.2;24.6;14.5
Thurgau ;1977;24.2;19.3;26.1
Tessin;1977;34.3;12.9;2.9
Waadt;1977;3.5;25.8;8.7
Wallis;1977;60.2;11.7;0.0
Neuenburg;1977;0.0;34.5;0.0
Genf;1977;13.5;22.7;0.0
Jura;1977;32.5;18.1;2.8
Zürich;1978;11.2;21.8;16.4
Bern;1978;2.1;30.0;38.3
Luzern;1978;50.0;7.5;0.0
Uri;1978;;;
Schwyz ;1978;46.4;18.0;2.3
Obwalden;1978;;;
Nidwalden;1978;;;
Glarus;1978;20.8;21.5;26.7
Zug;1978;47.5;14.5;0.0
Freiburg;1978;44.3;22.0;6.7
Solothurn;1978;28.8;25.3;0.0
Basel-Stadt;1978;12.7;28.6;0.0
Basel-Landschaft;1978;12.6;24.4;8.2
Schaffhausen;1978;9.8;29.5;20.3
Appenzell A. Rh. ;1978;;;
Appenzell I. Rh.;1978;;;
St. Gallen;1978;45.5;15.4;0.0
Graubünden;1978;;;
Aargau;1978;23.2;24.6;14.5
Thurgau ;1978;24.2;19.3;26.1
Tessin;1978;34.3;12.9;2.9
Waadt;1978;4.3;29.8;7.9
Wallis;1978;60.2;11.7;0.0
Neuenburg;1978;0.0;34.5;0.0
Genf;1978;13.5;22.7;0.0
Jura;1978;32.5;18.1;2.8
Zürich;1979;11.0;25.1;17.5
Bern;1979;2.1;30.0;38.3
Luzern;1979;50.9;7.9;0.0
Uri;1979;;;
Schwyz ;1979;46.4;18.0;2.3
Obwalden;1979;;;
Nidwalden;1979;;;
Glarus;1979;20.8;21.5;26.7
Zug;1979;47.5;14.5;0.0
Freiburg;1979;44.3;22.0;6.7
Solothurn;1979;28.8;25.3;0.0
Basel-Stadt;1979;12.7;28.6;0.0
Basel-Landschaft;1979;13.1;30.4;12.3
Schaffhausen;1979;9.8;29.5;20.3
Appenzell A. Rh. ;1979;;;
Appenzell I. Rh.;1979;;;
St. Gallen;1979;45.5;15.4;0.0
Graubünden;1979;;;
Aargau;1979;23.2;24.6;14.5
Thurgau ;1979;24.2;19.3;26.1
Tessin;1979;33.8;12.9;3.2
Waadt;1979;4.3;29.8;7.9
Wallis;1979;60.2;11.7;0.0
Neuenburg;1979;0.0;34.5;0.0
Genf;1979;13.5;22.7;0.0
Jura;1979;32.5;18.1;2.8
Zürich;1980;11.0;25.1;17.5
Bern;1980;2.1;30.0;38.3
Luzern;1980;50.9;7.9;0.0
Uri;1980;;;
Schwyz ;1980;49.7;15.5;4.3
Obwalden;1980;;;
Nidwalden;1980;;;
Glarus;1980;20.8;21.5;26.7
Zug;1980;47.5;14.5;0.0
Freiburg;1980;44.3;22.0;6.7
Solothurn;1980;28.8;25.3;0.0
Basel-Stadt;1980;13.1;26.5;0.0
Basel-Landschaft;1980;13.1;30.4;12.3
Schaffhausen;1980;10.4;30.9;20.7
Appenzell A. Rh. ;1980;;;
Appenzell I. Rh.;1980;;;
St. Gallen;1980;48.8;15.9;0.2
Graubünden;1980;;;
Aargau;1980;23.2;24.6;14.5
Thurgau ;1980;24.1;20.4;25.8
Tessin;1980;33.8;12.9;3.2
Waadt;1980;4.3;29.8;7.9
Wallis;1980;60.2;11.7;0.0
Neuenburg;1980;0.0;34.5;0.0
Genf;1980;13.5;22.7;0.0
Jura;1980;32.5;18.1;2.8
Zürich;1981;11.0;25.1;17.5
Bern;1981;2.1;30.0;38.3
Luzern;1981;50.9;7.9;0.0
Uri;1981;;;
Schwyz ;1981;49.7;15.5;4.3
Obwalden;1981;;;
Nidwalden;1981;;;
Glarus;1981;20.8;21.5;26.7
Zug;1981;47.5;14.5;0.0
Freiburg;1981;36.5;25.3;6.5
Solothurn;1981;30.7;23.0;0.0
Basel-Stadt;1981;13.1;26.5;0.0
Basel-Landschaft;1981;13.1;30.4;12.3
Schaffhausen;1981;10.4;30.9;20.7
Appenzell A. Rh. ;1981;;;
Appenzell I. Rh.;1981;;;
St. Gallen;1981;48.8;15.9;0.2
Graubünden;1981;;;
Aargau;1981;24.6;24.1;16.9
Thurgau ;1981;24.1;20.4;25.8
Tessin;1981;33.8;12.9;3.2
Waadt;1981;4.3;29.8;7.9
Wallis;1981;57.2;10.7;0.0
Neuenburg;1981;0.0;37.6;0.0
Genf;1981;13.2;25.4;0.0
Jura;1981;32.5;18.1;2.8
Zürich;1982;11.0;25.1;17.5
Bern;1982;2.4;25.9;37.3
Luzern;1982;50.9;7.9;0.0
Uri;1982;;;
Schwyz ;1982;49.7;15.5;4.3
Obwalden;1982;;;
Nidwalden;1982;53.0;5.5;0.0
Glarus;1982;20.2;19.7;28.1
Zug;1982;44.7;15.6;0.0
Freiburg;1982;36.5;25.3;6.5
Solothurn;1982;30.7;23.0;0.0
Basel-Stadt;1982;13.1;26.5;0.0
Basel-Landschaft;1982;13.1;30.4;12.3
Schaffhausen;1982;10.4;30.9;20.7
Appenzell A. Rh. ;1982;;;
Appenzell I. Rh.;1982;;;
St. Gallen;1982;48.8;15.9;0.2
Graubünden;1982;;;
Aargau;1982;24.6;24.1;16.9
Thurgau ;1982;24.1;20.4;25.8
Tessin;1982;33.8;12.9;3.2
Waadt;1982;3.2;27.9;7.8
Wallis;1982;57.2;10.7;0.0
Neuenburg;1982;0.0;37.6;0.0
Genf;1982;13.2;25.4;0.0
Jura;1982;31.8;18.2;2.3
Zürich;1983;11.3;19.9;17.0
Bern;1983;2.4;25.9;37.3
Luzern;1983;51.1;7.1;0.0
Uri;1983;;;
Schwyz ;1983;49.7;15.5;4.3
Obwalden;1983;;;
Nidwalden;1983;53.0;5.5;0.0
Glarus;1983;20.2;19.7;28.1
Zug;1983;44.7;15.6;0.0
Freiburg;1983;36.5;25.3;6.5
Solothurn;1983;30.7;23.0;0.0
Basel-Stadt;1983;13.1;26.5;0.0
Basel-Landschaft;1983;15.6;25.9;10.8
Schaffhausen;1983;10.4;30.9;20.7
Appenzell A. Rh. ;1983;;;
Appenzell I. Rh.;1983;;;
St. Gallen;1983;48.8;15.9;0.2
Graubünden;1983;;;
Aargau;1983;24.6;24.1;16.9
Thurgau ;1983;24.1;20.4;25.8
Tessin;1983;33.5;12.6;3.4
Waadt;1983;3.2;27.9;7.8
Wallis;1983;57.2;10.7;0.0
Neuenburg;1983;0.0;37.6;0.0
Genf;1983;13.2;25.4;0.0
Jura;1983;31.8;18.2;2.3
Zürich;1984;11.3;19.9;17.0
Bern;1984;2.4;25.9;37.3
Luzern;1984;51.1;7.1;0.0
Uri;1984;;;
Schwyz ;1984;48.0;14.5;4.1
Obwalden;1984;;;
Nidwalden;1984;53.0;5.5;0.0
Glarus;1984;20.2;19.7;28.1
Zug;1984;44.7;15.6;0.0
Freiburg;1984;36.5;25.3;6.5
Solothurn;1984;30.7;23.0;0.0
Basel-Stadt;1984;11.9;19.9;0.0
Basel-Landschaft;1984;15.6;25.9;10.8
Schaffhausen;1984;9.7;30.6;22.8
Appenzell A. Rh. ;1984;;;
Appenzell I. Rh.;1984;;;
St. Gallen;1984;46.0;14.6;0.5
Graubünden;1984;;;
Aargau;1984;24.6;24.1;16.9
Thurgau ;1984;22.9;16.2;25.2
Tessin;1984;33.5;12.6;3.4
Waadt;1984;3.2;27.9;7.8
Wallis;1984;57.2;10.7;0.0
Neuenburg;1984;0.0;37.6;0.0
Genf;1984;13.2;25.4;0.0
Jura;1984;31.8;18.2;2.3
Zürich;1985;11.3;19.9;17.0
Bern;1985;2.4;25.9;37.3
Luzern;1985;51.1;7.1;0.0
Uri;1985;;;
Schwyz ;1985;48.0;14.5;4.1
Obwalden;1985;;;
Nidwalden;1985;53.0;5.5;0.0
Glarus;1985;20.2;19.7;28.1
Zug;1985;44.7;15.6;0.0
Freiburg;1985;36.5;25.3;6.5
Solothurn;1985;29.1;23.4;0.0
Basel-Stadt;1985;11.9;19.9;0.0
Basel-Landschaft;1985;15.6;25.9;10.8
Schaffhausen;1985;9.7;30.6;22.8
Appenzell A. Rh. ;1985;;;
Appenzell I. Rh.;1985;;;
St. Gallen;1985;46.0;14.6;0.5
Graubünden;1985;;;
Aargau;1985;23.3;20.5;15.9
Thurgau ;1985;22.9;16.2;25.2
Tessin;1985;33.5;12.6;3.4
Waadt;1985;3.2;27.9;7.8
Wallis;1985;57.8;10.3;0.0
Neuenburg;1985;0.0;32.4;0.0
Genf;1985;12.7;16.8;0.0
Jura;1985;31.8;18.2;2.3
Zürich;1986;11.3;19.9;17.0
Bern;1986;2.7;22.9;31.5
Luzern;1986;51.1;7.1;0.0
Uri;1986;;;
Schwyz ;1986;48.0;14.5;4.1
Obwalden;1986;62.8;0.0;0.0
Nidwalden;1986;48.1;3.7;0.0
Glarus;1986;19.8;17.8;27.1
Zug;1986;44.2;14.2;0.0
Freiburg;1986;39.4;23.3;7.8
Solothurn;1986;29.1;23.4;0.0
Basel-Stadt;1986;11.9;19.9;0.0
Basel-Landschaft;1986;15.6;25.9;10.8
Schaffhausen;1986;9.7;30.6;22.8
Appenzell A. Rh. ;1986;;;
Appenzell I. Rh.;1986;;;
St. Gallen;1986;46.0;14.6;0.5
Graubünden;1986;;;
Aargau;1986;23.3;20.5;15.9
Thurgau ;1986;22.9;16.2;25.2
Tessin;1986;33.5;12.6;3.4
Waadt;1986;2.7;25.0;7.8
Wallis;1986;57.8;10.3;0.0
Neuenburg;1986;0.0;32.4;0.0
Genf;1986;12.7;16.8;0.0
Jura;1986;34.0;18.7;1.8
Zürich;1987;8.8;17.2;15.8
Bern;1987;2.7;22.9;31.5
Luzern;1987;49.2;6.2;0.0
Uri;1987;;;
Schwyz ;1987;48.0;14.5;4.1
Obwalden;1987;62.8;0.0;0.0
Nidwalden;1987;48.1;3.7;0.0
Glarus;1987;20.2;19.7;28.1
Zug;1987;44.2;14.2;0.0
Freiburg;1987;39.4;23.3;7.8
Solothurn;1987;29.1;23.4;0.0
Basel-Stadt;1987;11.9;19.9;0.0
Basel-Landschaft;1987;13.5;24.1;10.4
Schaffhausen;1987;9.7;30.6;22.8
Appenzell A. Rh. ;1987;;;
Appenzell I. Rh.;1987;;;
St. Gallen;1987;46.0;14.6;0.5
Graubünden;1987;;;
Aargau;1987;23.3;20.5;15.9
Thurgau ;1987;22.9;16.2;25.2
Tessin;1987;31.1;12.1;2.1
Waadt;1987;2.7;25.0;7.8
Wallis;1987;57.8;10.3;0.0
Neuenburg;1987;0.0;32.4;0.0
Genf;1987;12.7;16.8;0.0
Jura;1987;34.0;18.7;1.8
Zürich;1988;8.8;17.2;15.8
Bern;1988;2.7;22.9;31.5
Luzern;1988;49.2;6.2;0.0
Uri;1988;;;
Schwyz ;1988;44.2;13.0;5.7
Obwalden;1988;62.8;0.0;0.0
Nidwalden;1988;48.1;3.7;0.0
Glarus;1988;20.2;19.7;28.1
Zug;1988;44.2;14.2;0.0
Freiburg;1988;39.4;23.3;7.8
Solothurn;1988;29.1;23.4;0.0
Basel-Stadt;1988;10.6;18.3;0.0
Basel-Landschaft;1988;13.5;24.1;10.4
Schaffhausen;1988;7.7;29.5;20.5
Appenzell A. Rh. ;1988;;;
Appenzell I. Rh.;1988;;;
St. Gallen;1988;42.7;14.2;0.4
Graubünden;1988;;;
Aargau;1988;23.3;20.5;15.9
Thurgau ;1988;20.3;13.9;22.9
Tessin;1988;31.1;12.1;2.1
Waadt;1988;2.7;25.0;7.8
Wallis;1988;57.8;10.3;0.0
Neuenburg;1988;0.0;32.4;0.0
Genf;1988;12.7;16.8;0.0
Jura;1988;34.0;18.7;1.8
Zürich;1989;8.8;17.2;15.8
Bern;1989;2.7;22.9;31.5
Luzern;1989;49.2;6.2;0.0
Uri;1989;;;
Schwyz ;1989;44.2;13.0;5.7
Obwalden;1989;62.8;0.0;0.0
Nidwalden;1989;48.1;3.7;0.0
Glarus;1989;20.2;19.7;28.1
Zug;1989;44.2;14.2;0.0
Freiburg;1989;39.4;23.3;7.8
Solothurn;1989;27.6;22.2;0.0
Basel-Stadt;1989;10.6;18.3;0.0
Basel-Landschaft;1989;13.5;24.1;10.4
Schaffhausen;1989;7.7;29.5;20.5
Appenzell A. Rh. ;1989;;;
Appenzell I. Rh.;1989;;;
St. Gallen;1989;42.7;14.2;0.4
Graubünden;1989;;;
Aargau;1989;20.7;17.7;15.6
Thurgau ;1989;20.3;13.9;22.9
Tessin;1989;31.1;12.1;2.1
Waadt;1989;2.7;25.0;7.8
Wallis;1989;58.3;12.8;0.0
Neuenburg;1989;0.0;37.0;0.0
Genf;1989;12.7;19.0;1.6
Jura;1989;34.0;18.7;1.8
Zürich;1990;8.8;17.2;15.8
Bern;1990;1.6;24.7;32.3
Luzern;1990;49.2;6.2;0.0
Uri;1990;;;
Schwyz ;1990;44.2;13.0;5.7
Obwalden;1990;63.1;0.0;0.0
Nidwalden;1990;44.8;0.0;0.0
Glarus;1990;18.2;16.1;26.6
Zug;1990;39.7;15.8;0.0
Freiburg;1990;39.4;23.3;7.8
Solothurn;1990;27.6;22.2;0.0
Basel-Stadt;1990;10.6;18.3;0.0
Basel-Landschaft;1990;13.5;24.1;10.4
Schaffhausen;1990;7.7;29.5;20.5
Appenzell A. Rh. ;1990;;;
Appenzell I. Rh.;1990;;;
St. Gallen;1990;42.7;14.2;0.4
Graubünden;1990;;;
Aargau;1990;20.7;17.7;15.6
Thurgau ;1990;20.3;13.9;22.9
Tessin;1990;31.1;12.1;2.1
Waadt;1990;2.5;26.2;8.4
Wallis;1990;58.3;12.8;0.0
Neuenburg;1990;0.0;37.0;0.0
Genf;1990;12.7;19.0;1.6
Jura;1990;34.1;19.4;1.9
Zürich;1991;7.7;19.3;19.4
Bern;1991;1.6;24.7;32.3
Luzern;1991;48.6;9.5;0.0
Uri;1991;;;
Schwyz ;1991;44.2;13.0;5.7
Obwalden;1991;63.1;0.0;0.0
Nidwalden;1991;44.8;0.0;0.0
Glarus;1991;18.2;16.1;26.6
Zug;1991;39.7;15.8;0.0
Freiburg;1991;35.4;20.2;8.9
Solothurn;1991;27.6;22.2;0.0
Basel-Stadt;1991;10.6;18.3;0.0
Basel-Landschaft;1991;14.0;22.6;11.7
Schaffhausen;1991;7.7;29.5;20.5
Appenzell A. Rh. ;1991;;;
Appenzell I. Rh.;1991;;;
St. Gallen;1991;42.7;14.2;0.4
Graubünden;1991;;;
Aargau;1991;20.7;17.7;15.6
Thurgau ;1991;20.3;13.9;22.9
Tessin;1991;29.5;9.5;1.6
Waadt;1991;2.5;26.2;8.4
Wallis;1991;58.3;12.8;0.0
Neuenburg;1991;0.0;37.0;0.0
Genf;1991;12.7;19.0;1.6
Jura;1991;34.1;19.4;1.9
Zürich;1992;7.7;19.3;19.4
Bern;1992;1.6;24.7;32.3
Luzern;1992;48.6;9.5;0.0
Uri;1992;;;
Schwyz ;1992;42.3;12.1;7.6
Obwalden;1992;63.1;0.0;0.0
Nidwalden;1992;44.8;0.0;0.0
Glarus;1992;18.2;16.1;26.6
Zug;1992;39.7;15.8;0.0
Freiburg;1992;35.4;20.2;8.9
Solothurn;1992;27.6;22.2;0.0
Basel-Stadt;1992;10.4;21.1;1.1
Basel-Landschaft;1992;14.0;22.6;11.7
Schaffhausen;1992;5.6;25.2;22.2
Appenzell A. Rh. ;1992;;;
Appenzell I. Rh.;1992;;;
St. Gallen;1992;37.7;14.5;0.0
Graubünden;1992;;;
Aargau;1992;20.7;17.7;15.6
Thurgau ;1992;19.4;15.3;21.7
Tessin;1992;29.5;9.5;1.6
Waadt;1992;2.5;26.2;8.4
Wallis;1992;58.3;12.8;0.0
Neuenburg;1992;0.0;37.0;0.0
Genf;1992;12.7;19.0;1.6
Jura;1992;34.1;19.4;1.9
Zürich;1993;7.7;19.3;19.4
Bern;1993;1.6;24.7;32.3
Luzern;1993;48.6;9.5;0.0
Uri;1993;;;
Schwyz ;1993;42.3;12.1;7.6
Obwalden;1993;63.1;0.0;0.0
Nidwalden;1993;44.8;0.0;0.0
Glarus;1993;18.2;16.1;26.6
Zug;1993;39.7;15.8;0.0
Freiburg;1993;35.4;20.2;8.9
Solothurn;1993;25.8;23.6;1.7
Basel-Stadt;1993;10.4;21.1;1.1
Basel-Landschaft;1993;14.0;22.6;11.7
Schaffhausen;1993;5.6;25.2;22.2
Appenzell A. Rh. ;1993;;;
Appenzell I. Rh.;1993;;;
St. Gallen;1993;37.7;14.5;0.0
Graubünden;1993;;;
Aargau;1993;17.8;19.9;17.1
Thurgau ;1993;19.4;15.3;21.7
Tessin;1993;29.5;9.5;1.6
Waadt;1993;2.5;26.2;8.4
Wallis;1993;55.8;14.2;0.0
Neuenburg;1993;0.0;31.2;0.0
Genf;1993;12.5;13.8;2.3
Jura;1993;34.1;19.4;1.9
Zürich;1994;7.7;19.3;19.4
Bern;1994;1.2;24.1;32.5
Luzern;1994;48.6;9.5;0.0
Uri;1994;;;
Schwyz ;1994;42.3;12.1;7.6
Obwalden;1994;65.4;0.0;0.0
Nidwalden;1994;47.9;0.0;0.0
Glarus;1994;16.6;16.9;26.6
Zug;1994;34.9;12.4;8.6
Freiburg;1994;35.4;20.2;8.9
Solothurn;1994;25.8;23.6;1.7
Basel-Stadt;1994;10.4;21.1;1.1
Basel-Landschaft;1994;14.0;22.6;11.7
Schaffhausen;1994;5.6;25.2;22.2
Appenzell A. Rh. ;1994;;;
Appenzell I. Rh.;1994;;;
St. Gallen;1994;37.7;14.5;0.0
Graubünden;1994;;;
Aargau;1994;17.8;19.9;17.1
Thurgau ;1994;19.4;15.3;21.7
Tessin;1994;29.5;9.5;1.6
Waadt;1994;2.2;28.3;7.8
Wallis;1994;55.8;14.2;0.0
Neuenburg;1994;0.0;31.2;0.0
Genf;1994;12.5;13.8;2.3
Jura;1994;33.8;19.9;2.0
Zürich;1995;6.4;21.5;21.1
Bern;1995;1.2;24.1;32.5
Luzern;1995;48.6;9.5;0.0
Uri;1995;;;
Schwyz ;1995;42.3;12.1;7.6
Obwalden;1995;65.4;0.0;0.0
Nidwalden;1995;47.9;0.0;0.0
Glarus;1995;16.6;16.9;26.6
Zug;1995;34.9;12.4;8.6
Freiburg;1995;35.4;20.2;8.9
Solothurn;1995;25.8;23.6;1.7
Basel-Stadt;1995;10.4;21.1;1.1
Basel-Landschaft;1995;14.0;23.6;11.7
Schaffhausen;1995;5.6;25.2;22.2
Appenzell A. Rh. ;1995;;;
Appenzell I. Rh.;1995;;;
St. Gallen;1995;37.7;14.5;0.0
Graubünden;1995;;;
Aargau;1995;17.8;19.9;17.1
Thurgau ;1995;19.4;15.3;21.7
Tessin;1995;27.7;16.0;1.2
Waadt;1995;2.2;28.3;7.8
Wallis;1995;55.8;14.2;0.0
Neuenburg;1995;0.0;31.2;0.0
Genf;1995;12.5;13.8;2.3
Jura;1995;33.8;19.9;2.0
Zürich;1996;6.4;21.5;21.1
Bern;1996;1.2;24.1;32.5
Luzern;1996;48.6;9.5;0.0
Uri;1996;;;
Schwyz ;1996;37.9;14.0;15.2
Obwalden;1996;65.4;0.0;0.0
Nidwalden;1996;47.9;0.0;0.0
Glarus;1996;16.6;16.9;26.6
Zug;1996;34.9;12.4;8.6
Freiburg;1996;33.6;23.2;8.4
Solothurn;1996;25.8;23.6;1.7
Basel-Stadt;1996;9.5;27.0;0.0
Basel-Landschaft;1996;14.0;23.6;11.7
Schaffhausen;1996;5.5;27.7;27.2
Appenzell A. Rh. ;1996;;;
Appenzell I. Rh.;1996;;;
St. Gallen;1996;33.8;15.2;9.8
Graubünden;1996;;;
Aargau;1996;17.8;19.9;17.1
Thurgau ;1996;18.4;14.9;26.1
Tessin;1996;27.7;16.0;1.2
Waadt;1996;2.2;28.3;7.8
Wallis;1996;55.8;14.2;0.0
Neuenburg;1996;0.0;31.2;0.0
Genf;1996;12.5;13.8;2.3
Jura;1996;33.8;19.9;2.0
Zürich;1997;6.4;21.5;21.1
Bern;1997;1.2;24.1;32.5
Luzern;1997;48.6;9.5;0.0
Uri;1997;;;
Schwyz ;1997;37.9;14.0;15.2
Obwalden;1997;65.4;0.0;0.0
Nidwalden;1997;47.9;0.0;0.0
Glarus;1997;16.6;16.9;26.6
Zug;1997;34.9;12.4;8.6
Freiburg;1997;33.6;23.2;8.4
Solothurn;1997;24.4;25.1;6.4
Basel-Stadt;1997;9.5;27.0;0.0
Basel-Landschaft;1997;14.0;23.6;11.7
Schaffhausen;1997;5.5;27.7;27.2
Appenzell A. Rh. ;1997;;;
Appenzell I. Rh.;1997;;;
St. Gallen;1997;33.8;15.2;9.8
Graubünden;1997;;;
Aargau;1997;17.3;21.7;21.9
Thurgau ;1997;18.4;14.9;26.1
Tessin;1997;27.7;16.0;1.2
Waadt;1997;2.2;28.3;7.8
Wallis;1997;53.6;17.0;0.0
Neuenburg;1997;0.6;33.0;0.0
Genf;1997;11.2;20.6;0.0
Jura;1997;33.8;19.9;2.0
Zürich;1998;6.4;21.5;21.1
Bern;1998;0.9;25.9;31.7
Luzern;1998;48.6;9.5;0.0
Uri;1998;;;
Schwyz ;1998;37.9;14.0;15.2
Obwalden;1998;63.6;10.2;0.0
Nidwalden;1998;47.5;;
Glarus;1998;14.6;15.6;26.6
Zug;1998;33.6;6.1;12.6
Freiburg;1998;33.6;23.2;8.4
Solothurn;1998;24.4;25.1;6.4
Basel-Stadt;1998;9.5;27.0;0.0
Basel-Landschaft;1998;14.0;23.6;11.7
Schaffhausen;1998;5.5;27.7;27.2
Appenzell A. Rh. ;1998;;;
Appenzell I. Rh.;1998;;;
St. Gallen;1998;33.8;15.2;9.8
Graubünden;1998;;;
Aargau;1998;17.3;21.7;21.9
Thurgau ;1998;18.4;14.9;26.1
Tessin;1998;27.7;16.0;1.2
Waadt;1998;1.6;24.2;8.9
Wallis;1998;53.6;17.0;0.0
Neuenburg;1998;0.6;33.0;0.0
Genf;1998;11.2;20.6;0.0
Jura;1998;31.7;21.9;2.3
Zürich;1999;6.7;22.1;28.9
Bern;1999;0.9;25.9;31.7
Luzern;1999;39.8;9.6;17.0
Uri;1999;;;
Schwyz ;1999;37.9;14.0;15.2
Obwalden;1999;63.6;10.2;0.0
Nidwalden;1999;47.5;0.0;0.0
Glarus;1999;14.6;15.6;26.6
Zug;1999;33.6;6.1;12.6
Freiburg;1999;33.6;23.2;8.4
Solothurn;1999;24.4;25.1;6.4
Basel-Stadt;1999;9.5;27.0;
Basel-Landschaft;1999;13.0;24.8;15.9
Schaffhausen;1999;5.5;27.7;27.2
Appenzell A. Rh. ;1999;;;
Appenzell I. Rh.;1999;;;
St. Gallen;1999;33.8;15.2;9.8
Graubünden;1999;;;
Aargau;1999;17.3;21.7;21.9
Thurgau ;1999;18.4;14.9;26.1
Tessin;1999;25.5;16.4;2.8
Waadt;1999;1.6;24.2;8.9
Wallis;1999;53.6;17.0;0.0
Neuenburg;1999;0.6;33.0;0.0
Genf;1999;11.2;20.6;0.0
Jura;1999;31.7;21.9;2.3
Zürich;2000;6.7;22.1;28.9
Bern;2000;0.9;25.9;31.7
Luzern;2000;39.8;9.6;17.0
Uri;2000;;;
Schwyz ;2000;39.0;12.2;20.7
Obwalden;2000;63.6;10.2;0.0
Nidwalden;2000;47.5;0.0;0.0
Glarus;2000;14.6;15.6;26.6
Zug;2000;33.6;6.1;12.6
Freiburg;2000;33.6;23.2;8.4
Solothurn;2000;24.4;25.1;6.4
Basel-Stadt;2000;9.9;26.0;10.0
Basel-Landschaft;2000;13.0;24.8;15.9
Schaffhausen;2000;5.4;26.6;33.6
Appenzell A. Rh. ;2000;;;
Appenzell I. Rh.;2000;;;
St. Gallen;2000;31.7;16.1;22.6
Graubünden;2000;;;
Aargau;2000;17.3;21.7;21.9
Thurgau ;2000;19.3;15.7;29.7
Tessin;2000;25.5;16.4;2.8
Waadt;2000;1.6;24.2;8.9
Wallis;2000;53.6;17.0;0.0
Neuenburg;2000;0.6;33.0;0.0
Genf;2000;11.2;20.6;0.0
Jura;2000;31.7;21.9;2.3
Zürich;2001;6.7;22.1;28.9
Bern;2001;0.9;25.9;31.7
Luzern;2001;39.8;9.6;17.0
Uri;2001;;;
Schwyz ;2001;39.0;12.2;20.7
Obwalden;2001;63.6;10.2;0.0
Nidwalden;2001;47.5;0.0;0.0
Glarus;2001;14.6;15.6;26.6
Zug;2001;33.6;6.1;12.6
Freiburg;2001;33.5;19.6;11.8
Solothurn;2001;22.0;25.2;15.5
Basel-Stadt;2001;9.9;26.0;10.0
Basel-Landschaft;2001;13.0;24.8;15.9
Schaffhausen;2001;5.4;26.6;33.6
Appenzell A. Rh. ;2001;;;
Appenzell I. Rh.;2001;;;
St. Gallen;2001;31.7;16.1;22.6
Graubünden;2001;;;
Aargau;2001;15.0;18.6;33.5
Thurgau ;2001;19.3;15.7;29.7
Tessin;2001;25.5;16.4;2.8
Waadt;2001;1.6;24.2;8.9
Wallis;2001;54.1;13.5;4.6
Neuenburg;2001;0.0;31.6;0.0
Genf;2001;11.7;17.8;10.4
Jura;2001;31.7;21.9;2.3
Zürich;2002;6.7;22.1;28.9
Bern;2002;1.0;26.1;31.8
Luzern;2002;39.8;9.6;17.0
Uri;2002;;;
Schwyz ;2002;39.0;12.2;20.7
Obwalden;2002;50.4;15.3;13.4
Nidwalden;2002;37.3;0.0;12.4
Glarus;2002;14.0;18.7;26.3
Zug;2002;29.0;8.3;21.3
Freiburg;2002;33.5;19.6;11.8
Solothurn;2002;22.0;25.2;15.5
Basel-Stadt;2002;9.9;26.0;10.0
Basel-Landschaft;2002;13.0;24.8;15.9
Schaffhausen;2002;5.4;26.6;33.6
Appenzell A. Rh. ;2002;;;
Appenzell I. Rh.;2002;;;
St. Gallen;2002;31.7;16.1;22.6
Graubünden;2002;;;
Aargau;2002;15.0;18.6;33.5
Thurgau ;2002;19.3;15.7;29.7
Tessin;2002;25.5;16.4;2.8
Waadt;2002;2.2;23.8;11.9
Wallis;2002;54.1;13.5;4.6
Neuenburg;2002;0.0;31.6;0.0
Genf;2002;11.7;17.8;10.4
Jura;2002;31.3;23.9;5.2
Zürich;2003;6.4;26.5;30.3
Bern;2003;1.0;26.1;31.8
Luzern;2003;35.9;11.6;19.9
Uri;2003;;;
Schwyz ;2003;39.0;12.2;20.7
Obwalden;2003;50.4;15.3;13.4
Nidwalden;2003;37.3;0.0;12.4
Glarus;2003;14.0;18.7;26.3
Zug;2003;29.0;8.3;21.3
Freiburg;2003;33.5;19.6;11.8
Solothurn;2003;22.0;25.2;15.5
Basel-Stadt;2003;9.9;26.0;10.0
Basel-Landschaft;2003;11.3;25.9;21.8
Schaffhausen;2003;5.4;26.6;33.6
Appenzell A. Rh. ;2003;;;
Appenzell I. Rh.;2003;;;
St. Gallen;2003;31.7;16.1;22.6
Graubünden;2003;;;
Aargau;2003;15.0;18.6;33.5
Thurgau ;2003;19.3;15.7;29.7
Tessin;2003;25.8;17.6;5.8
Waadt;2003;2.2;23.8;11.9
Wallis;2003;54.1;13.5;4.6
Neuenburg;2003;0.0;31.6;0.0
Genf;2003;11.7;17.8;10.4
Jura;2003;31.3;23.9;5.2
Zürich;2004;6.4;26.5;30.3
Bern;2004;1.0;26.1;31.8
Luzern;2004;35.9;11.6;19.9
Uri;2004;;;
Schwyz ;2004;32.0;15.2;29.1
Obwalden;2004;50.4;15.3;13.4
Nidwalden;2004;37.3;0.0;12.4
Glarus;2004;14.0;18.7;26.3
Zug;2004;29.0;8.3;21.3
Freiburg;2004;33.5;19.6;11.8
Solothurn;2004;22.0;25.2;15.5
Basel-Stadt;2004;8.1;31.2;12.1
Basel-Landschaft;2004;11.3;25.9;21.8
Schaffhausen;2004;4.6;27.2;35.6
Appenzell A. Rh. ;2004;;;
Appenzell I. Rh.;2004;;;
St. Gallen;2004;28.7;17.1;24.6
Graubünden;2004;;;
Aargau;2004;15.0;18.6;33.5
Thurgau ;2004;17.5;15.6;32.8
Tessin;2004;25.8;17.6;5.8
Waadt;2004;2.2;23.8;11.9
Wallis;2004;54.1;13.5;4.6
Neuenburg;2004;0.0;31.6;0.0
Genf;2004;11.7;17.8;10.4
Jura;2004;31.3;23.9;5.2
Zürich;2005;6.4;26.5;30.3
Bern;2005;1.0;26.1;31.8
Luzern;2005;35.9;11.6;19.9
Uri;2005;;;
Schwyz ;2005;32.0;15.2;29.1
Obwalden;2005;50.4;15.3;13.4
Nidwalden;2005;37.3;0.0;12.4
Glarus;2005;14.0;18.7;26.3
Zug;2005;29.0;8.3;21.3
Freiburg;2005;33.5;19.6;11.8
Solothurn;2005;21.5;24.9;17.6
Basel-Stadt;2005;8.1;31.2;12.1
Basel-Landschaft;2005;11.3;25.9;21.8
Schaffhausen;2005;4.6;27.2;35.6
Appenzell A. Rh. ;2005;;;
Appenzell I. Rh.;2005;;;
St. Gallen;2005;28.7;17.1;24.6
Graubünden;2005;;;
Aargau;2005;17.5;19.7;30.3
Thurgau ;2005;17.5;15.6;32.8
Tessin;2005;25.8;17.6;5.8
Waadt;2005;2.2;23.8;11.9
Wallis;2005;53.2;8.0;6.4
Neuenburg;2005;0.8;32.1;15.6
Genf;2005;9.8;14.6;9.6
Jura;2005;31.3;23.9;5.2
Zürich;2006;6.4;26.5;30.3
Bern;2006;1.8;24.0;27.4
Luzern;2006;35.9;11.6;19.9
Uri;2006;;;
Schwyz ;2006;32.0;15.2;29.1
Obwalden;2006;35.2;13.1;13.8
Nidwalden;2006;34.4;3.1;19.5
Glarus;2006;14.0;14.7;31.0
Zug;2006;28.7;6.8;19.8
Freiburg;2006;30.6;21.0;16.0
Solothurn;2006;21.5;24.9;17.6
Basel-Stadt;2006;8.1;31.2;12.1
Basel-Landschaft;2006;11.3;25.9;21.8
Schaffhausen;2006;4.6;27.2;35.6
Appenzell A. Rh. ;2006;;;
Appenzell I. Rh.;2006;;;
St. Gallen;2006;28.7;17.1;24.6
Graubünden;2006;;;
Aargau;2006;17.5;19.7;30.3
Thurgau ;2006;17.5;15.6;32.8
Tessin;2006;25.8;17.6;5.8
Waadt;2006;2.2;23.8;11.9
Wallis;2006;53.2;8.0;6.4
Neuenburg;2006;0.8;32.1;15.6
Genf;2006;9.8;14.6;9.6
Jura;2006;30.1;19.8;5.8
Zürich;2007;7.2;19.5;30.5
Bern;2007;1.8;24.0;27.4
Luzern;2007;37.3;10.7;18.2
Uri;2007;;;
Schwyz ;2007;32.0;15.2;29.1
Obwalden;2007;35.2;13.1;13.8
Nidwalden;2007;34.4;3.1;19.5
Glarus;2007;14.0;14.7;31.0
Zug;2007;28.7;6.8;19.8
Freiburg;2007;30.6;21.0;16.0
Solothurn;2007;21.5;24.9;17.6
Basel-Stadt;2007;8.1;31.2;12.1
Basel-Landschaft;2007;12.1;22.9;22.5
Schaffhausen;2007;4.6;27.2;35.6
Appenzell A. Rh. ;2007;;;
Appenzell I. Rh.;2007;;;
St. Gallen;2007;28.7;17.1;24.6
Graubünden;2007;;;
Aargau;2007;17.5;19.7;30.3
Thurgau ;2007;17.5;15.6;32.8
Tessin;2007;23.2;19.0;4.6
Waadt;2007;0.4;22.5;15.6
Wallis;2007;53.2;8.0;6.4
Neuenburg;2007;0.8;32.1;15.6
Genf;2007;9.8;14.6;9.6
Jura;2007;30.1;19.8;5.8
Zürich;2008;7.2;19.5;30.5
Bern;2008;1.8;24.0;27.4
Luzern;2008;37.3;10.7;18.2
Uri;2008;34.7;3.6;30.4
Schwyz ;2008;29.8;8.8;37.5
Obwalden;2008;35.2;13.1;13.8
Nidwalden;2008;34.4;3.1;19.5
Glarus;2008;14.0;14.7;31.0
Zug;2008;28.7;6.8;19.8
Freiburg;2008;30.6;21.0;16.0
Solothurn;2008;21.5;24.9;17.6
Basel-Stadt;2008;9.3;28.2;13.9
Basel-Landschaft;2008;12.1;22.9;22.5
Schaffhausen;2008;5.1;23.0;32.6
Appenzell A. Rh. ;2008;;;
Appenzell I. Rh.;2008;;;
St. Gallen;2008;26.1;13.3;30.5
Graubünden;2008;;;
Aargau;2008;17.5;19.7;30.3
Thurgau ;2008;15.9;12.8;36.4
Tessin;2008;23.2;19.0;4.6
Waadt;2008;0.4;22.5;15.6
Wallis;2008;53.2;8.0;6.4
Neuenburg;2008;0.8;32.1;15.6
Genf;2008;9.8;14.6;9.6
Jura;2008;30.1;19.8;5.8
Zürich;2009;7.2;19.5;30.5
Bern;2009;1.8;24.0;27.4
Luzern;2009;37.3;10.7;18.2
Uri;2009;34.7;3.6;30.4
Schwyz ;2009;29.8;8.8;37.5
Obwalden;2009;35.2;13.1;13.8
Nidwalden;2009;34.4;3.1;19.5
Glarus;2009;14.0;14.7;31.0
Zug;2009;28.7;6.8;19.8
Freiburg;2009;30.6;21.0;16.0
Solothurn;2009;20.8;20.7;19.4
Basel-Stadt;2009;9.3;28.2;13.9
Basel-Landschaft;2009;12.1;22.9;22.5
Schaffhausen;2009;5.1;23.0;32.6
Appenzell A. Rh. ;2009;;;
Appenzell I. Rh.;2009;;;
St. Gallen;2009;26.1;13.3;30.5
Graubünden;2009;;;
Aargau;2009;15.0;15.7;31.9
Thurgau ;2009;15.9;12.8;36.4
Tessin;2009;23.2;19.0;4.6
Waadt;2009;0.4;22.5;15.6
Wallis;2009;48.5;7.0;11.5
Neuenburg;2009;3.2;28.2;12.7
Genf;2009;9.9;12.9;8.6
Jura;2009;30.1;19.8;5.8
Zürich;2010;7.2;19.5;30.5
Bern;2010;1.3;18.9;26.6
Luzern;2010;37.3;10.7;18.2
Uri;2010;34.7;3.6;30.4
Schwyz ;2010;29.8;8.8;37.5
Obwalden;2010;33.8;10.9;21.1
Nidwalden;2010;31.1;2.1;26.6
Glarus;2010;10.7;13.9;26.3
Zug;2010;26.5;9.1;22.7
Freiburg;2010;30.6;21.0;16.0
Solothurn;2010;20.8;20.7;19.4
Basel-Stadt;2010;9.3;28.2;13.9
Basel-Landschaft;2010;12.1;22.9;22.5
Schaffhausen;2010;5.1;23.0;32.6
Appenzell A. Rh. ;2010;;;
Appenzell I. Rh.;2010;;;
St. Gallen;2010;26.1;13.3;30.5
Graubünden;2010;;;
Aargau;2010;15.0;15.7;31.9
Thurgau ;2010;15.9;12.8;36.4
Tessin;2010;23.2;19.0;4.6
Waadt;2010;0.4;22.5;15.6
Wallis;2010;48.5;7.0;11.5
Neuenburg;2010;3.2;28.2;12.7
Genf;2010;9.9;12.9;8.6
Jura;2010;28.9;21.2;6.4
Zürich;2011;4.9;19.3;29.6
Bern;2011;1.3;18.9;26.6
Luzern;2011;31.3;11.0;22.1
Uri;2011;34.7;3.6;30.4
Schwyz ;2011;29.8;8.8;37.5
Obwalden;2011;33.8;10.9;21.1
Nidwalden;2011;31.1;2.1;26.6
Glarus;2011;10.7;13.9;26.3
Zug;2011;26.5;9.1;22.7
Freiburg;2011;26.6;24.3;18.6
Solothurn;2011;20.8;20.7;19.4
Basel-Stadt;2011;9.3;28.2;13.9
Basel-Landschaft;2011;9.3;22.0;24.0
Schaffhausen;2011;5.1;23.0;32.6
Appenzell A. Rh. ;2011;4.2;11.0;17.2
Appenzell I. Rh.;2011;;;
St. Gallen;2011;26.1;13.3;30.5
Graubünden;2011;;;
Aargau;2011;15.0;15.7;31.9
Thurgau ;2011;15.9;12.8;36.4
Tessin;2011;20.5;15.1;0.0
Waadt;2011;0.4;22.5;15.6
Wallis;2011;48.5;7.0;11.5
Neuenburg;2011;3.2;28.2;12.7
Genf;2011;9.9;12.9;8.6
Jura;2011;28.9;21.2;6.4
Zürich;2012;4.9;19.3;29.6
Bern;2012;1.3;18.9;26.6
Luzern;2012;31.3;11.0;22.1
Uri;2012;36.6;0.0;24.6
Schwyz ;2012;29.1;10.8;34.0
Obwalden;2012;33.8;10.9;21.1
Nidwalden;2012;31.1;2.1;26.6
Glarus;2012;10.7;13.9;26.3
Zug;2012;26.5;9.1;22.7
Freiburg;2012;26.6;24.3;18.6
Solothurn;2012;20.8;20.7;19.4
Basel-Stadt;2012;7.3;30.7;15.0
Basel-Landschaft;2012;9.3;22.0;24.0
Schaffhausen;2012;4.9;22.6;33.6
Appenzell A. Rh. ;2012;4.2;11.0;17.2
Appenzell I. Rh.;2012;;;
St. Gallen;2012;20.1;15.1;25.4
Graubünden;2012;;;
Aargau;2012;15.0;15.7;31.9
Thurgau ;2012;14.2;13.4;30.5
Tessin;2012;20.5;15.1;0.0
Waadt;2012;0.0;24.6;17.1
Wallis;2012;48.5;7.0;11.5
Neuenburg;2012;3.2;28.2;12.7
Genf;2012;9.9;12.9;8.6
Jura;2012;28.9;21.2;6.4
Zürich;2013;4.9;19.3;29.6
Bern;2013;1.3;18.9;26.6
Luzern;2013;31.3;11.0;22.1
Uri;2013;36.6;0.0;24.6
Schwyz ;2013;29.1;10.8;34.0
Obwalden;2013;33.8;10.9;21.1
Nidwalden;2013;31.1;2.1;26.6
Glarus;2013;10.7;13.9;26.3
Zug;2013;26.5;9.1;22.7
Freiburg;2013;26.6;24.3;18.6
Solothurn;2013;18.4;19.1;20.2
Basel-Stadt;2013;7.3;30.7;15.0
Basel-Landschaft;2013;9.3;22.0;24.0
Schaffhausen;2013;4.9;22.6;33.6
Appenzell A. Rh. ;2013;4.2;11.0;17.2
Appenzell I. Rh.;2013;;;
St. Gallen;2013;20.1;15.1;25.4
Graubünden;2013;;;
Aargau;2013;15.0;15.7;31.9
Thurgau ;2013;14.2;13.4;30.5
Tessin;2013;20.5;15.1;0.0
Waadt;2013;0.0;24.6;17.1
Wallis;2013;43.8;4.8;17.2
Neuenburg;2013;2.7;26.5;16.9
Genf;2013;10.6;14.3;10.3
Jura;2013;28.9;21.2;6.4
Zürich;2014;4.9;19.3;29.6
Bern;2014;0.8;19.1;29.0
Luzern;2014;31.3;11.0;22.1
Uri;2014;36.6;0.0;24.6
Schwyz ;2014;29.1;10.8;34.0
Obwalden;2014;32.1;12.8;24.5
Nidwalden;2014;29.1;4.8;29.1
Glarus;2014;8.9;11.5;28.8
Zug;2014;26.8;9.3;23.6
Freiburg;2014;26.6;24.3;18.6
Solothurn;2014;18.4;19.1;20.2
Basel-Stadt;2014;7.3;30.7;15.0
Basel-Landschaft;2014;9.3;22.0;24.0
Schaffhausen;2014;4.9;22.6;33.6
Appenzell A. Rh. ;2014;4.2;11.0;17.2
Appenzell I. Rh.;2014;;;
St. Gallen;2014;20.1;15.1;25.4
Graubünden;2014;;;
Aargau;2014;15.0;15.7;31.9
Thurgau ;2014;14.2;13.4;30.5
Tessin;2014;20.5;15.1;0.0
Waadt;2014;0.0;24.6;17.1
Wallis;2014;43.8;4.8;17.2
Neuenburg;2014;2.7;26.5;16.9
Genf;2014;10.6;14.3;10.3
Jura;2014;28.9;21.2;6.4
Zürich;2015;4.9;19.7;30.0
Bern;2015;0.8;19.1;29.0
Luzern;2015;30.9;11.8;24.1
Uri;2015;36.6;0.0;24.6
Schwyz ;2015;29.1;10.8;34.0
Obwalden;2015;32.1;12.8;24.5
Nidwalden;2015;29.1;4.8;29.1
Glarus;2015;8.9;11.5;28.8
Zug;2015;26.8;9.3;23.6
Freiburg;2015;26.6;24.3;18.6
Solothurn;2015;18.4;19.1;20.2
Basel-Stadt;2015;7.3;30.7;15.0
Basel-Landschaft;2015;9.6;22.0;26.7
Schaffhausen;2015;4.9;22.6;33.6
Appenzell A. Rh. ;2015;6.0;11.5;16.3
Appenzell I. Rh.;2015;;;
St. Gallen;2015;20.1;15.1;25.4
Graubünden;2015;;;
Aargau;2015;15.0;15.7;31.9
Thurgau ;2015;14.2;13.4;30.5
Tessin;2015;18.6;14.6;0.0
Waadt;2015;0.0;24.6;17.1
Wallis;2015;43.8;4.8;17.2
Neuenburg;2015;2.7;26.5;16.9
Genf;2015;10.6;14.3;10.3
Jura;2015;26.8;20.0;8.5
Zürich;2016;4.9;19.7;30.0
Bern;2016;0.8;19.1;29.0
Luzern;2016;30.9;11.8;24.1
Uri;2016;31.3;2.8;24.1
Schwyz ;2016;27.2;8.3;33.1
Obwalden;2016;32.1;12.8;24.5
Nidwalden;2016;29.1;4.8;29.1
Glarus;2016;8.9;11.5;28.8
Zug;2016;26.8;9.3;23.6
Freiburg;2016;23.7;23.6;19.7
Solothurn;2016;18.4;19.1;20.2
Basel-Stadt;2016;5.9;32.5;14.3
Basel-Landschaft;2016;9.6;22.0;26.7
Schaffhausen;2016;3.7;22.8;35.1
Appenzell A. Rh. ;2016;6.0;11.5;16.3
Appenzell I. Rh.;2016;;;
St. Gallen;2016;18.4;12.3;29.5
Graubünden;2016;;;
Aargau;2016;12.1;18.9;31.9
Thurgau ;2016;13.4;13.1;32.6
Tessin;2016;18.6;14.6;0.0
Waadt;2016;0.0;24.6;17.1
Wallis;2016;43.8;4.8;17.2
Neuenburg;2016;2.7;26.5;16.9
Genf;2016;10.6;14.3;10.3
Jura;2016;26.8;20.0;8.5
Zürich;2017;4.9;19.7;30.0
Bern;2017;0.8;19.1;29.0
Luzern;2017;30.9;11.8;24.1
Uri;2017;31.3;2.8;24.1
Schwyz ;2017;27.2;8.3;33.1
Obwalden;2017;32.1;12.8;24.5
Nidwalden;2017;29.1;4.8;29.1
Glarus;2017;8.9;11.5;28.8
Zug;2017;26.8;9.3;23.6
Freiburg;2017;23.7;23.6;19.7
Solothurn;2017;18.9;19.9;19.7
Basel-Stadt;2017;5.9;32.5;14.3
Basel-Landschaft;2017;9.6;22.0;26.7
Schaffhausen;2017;3.7;22.8;35.1
Appenzell A. Rh. ;2017;6.0;11.5;16.3
Appenzell I. Rh.;2017;;;
St. Gallen;2017;18.4;12.3;29.5
Graubünden;2017;;;
Aargau;2017;12.1;18.9;31.9
Thurgau ;2017;13.4;13.1;32.6
Tessin;2017;18.6;14.6;0.0
Waadt;2017;0.0;23.4;15.8
Wallis;2017;41.7;3.3;16.4
Neuenburg;2017;2.7;23.6;11.5
Genf;2017;10.6;14.3;10.3
Jura;2017;26.8;20.0;8.5
Zürich;2018;4.9;19.7;30.0
Bern;2018;0.8;19.1;29.0
Luzern;2018;30.9;11.8;24.1
Uri;2018;31.3;2.8;24.1
Schwyz ;2018;27.2;8.3;33.1
Obwalden;2018;29.8;15.1;24.5
Nidwalden;2018;26.8;4.5;25.9
Glarus;2018;9.4;12.8;25.3
Zug;2018;25.6;11.8;22.4
Freiburg;2018;23.7;23.6;19.7
Solothurn;2018;18.9;19.9;19.7
Basel-Stadt;2018;5.9;32.5;14.3
Basel-Landschaft;2018;9.6;22.0;26.7
Schaffhausen;2018;3.7;22.8;35.1
Appenzell A. Rh. ;2018;6.0;11.5;16.3
Appenzell I. Rh.;2018;;;
St. Gallen;2018;18.4;12.3;29.5
Graubünden;2018;;;
Aargau;2018;12.1;18.9;31.9
Thurgau ;2018;13.4;13.1;32.6
Tessin;2018;18.6;14.6;0.0
Waadt;2018;0.0;23.4;15.8
Wallis;2018;41.7;3.3;16.4
Neuenburg;2018;2.7;23.6;11.5
Genf;2018;10.7;15.3;7.3
Jura;2018;26.8;20.0;8.5
Zürich;2019;4.3;19.3;24.5
Bern;2019;0.8;19.1;29.0
Luzern;2019;27.5;13.8;19.6
Uri;2019;31.3;2.8;24.1
Schwyz ;2019;27.2;8.3;33.1
Obwalden;2019;29.8;15.1;24.5
Nidwalden;2019;26.8;4.5;25.9
Glarus;2019;9.4;12.8;25.3
Zug;2019;25.6;11.8;22.4
Freiburg;2019;23.7;23.6;19.7
Solothurn;2019;18.9;19.9;19.7
Basel-Stadt;2019;5.9;32.5;14.3
Basel-Landschaft;2019;9.3;22.8;22.7
Schaffhausen;2019;3.7;22.8;35.1
Appenzell A. Rh. ;2019;4.4;14.7;12.2
Appenzell I. Rh.;2019;;;
St. Gallen;2019;18.4;12.3;29.5
Graubünden;2019;;;
Aargau;2019;12.1;18.9;31.9
Thurgau ;2019;13.4;13.1;32.6
Tessin;2019;17.6;0.0;0.0
Waadt;2019;0.0;23.4;15.8
Wallis;2019;41.7;3.3;16.4
Neuenburg;2019;2.7;23.6;11.5
Genf;2019;10.7;15.3;7.3
Jura;2019;26.8;20.0;8.5
Zürich;2020;4.3;19.3;24.5
Bern;2020;0.8;19.1;29.0
Luzern;2020;27.5;13.8;19.6
Uri;2020;30.9;1.4;24.6
Schwyz ;2020;24.0;6.2;33.2
Obwalden;2020;29.8;15.1;24.5
Nidwalden;2020;26.8;4.5;25.9
Glarus;2020;9.4;12.8;25.3
Zug;2020;25.6;11.8;22.4
Freiburg;2020;23.7;23.6;19.7
Solothurn;2020;18.9;19.9;19.7
Basel-Stadt;2020;6.3;30.0;11.0
Basel-Landschaft;2020;9.3;22.8;22.7
Schaffhausen;2020;3.2;19.7;33.4
Appenzell A. Rh. ;2020;4.4;14.7;12.2
Appenzell I. Rh.;2020;;;
St. Gallen;2020;21.7;11.2;26.9
Graubünden;2020;;;
Aargau;2020;12.8;16.3;30.1
Thurgau ;2020;13.6;11.6;32.3
Tessin;2020;17.6;0.0;0.0
Waadt;2020;0.0;23.4;15.8
Wallis;2020;41.7;3.3;16.4
Neuenburg;2020;2.7;23.6;11.5
Genf;2020;10.7;15.3;7.3
Jura;2020;24.4;20.2;6.7
Zürich;2021;4.3;19.3;24.5
Bern;2021;0.8;19.1;29.0
Luzern;2021;27.5;13.8;19.6
Uri;2021;30.9;1.4;24.6
Schwyz ;2021;24.0;6.2;33.2
Obwalden;2021;29.8;15.1;24.5
Nidwalden;2021;26.8;4.5;25.9
Glarus;2021;9.4;12.8;25.3
Zug;2021;25.6;11.8;22.4
Freiburg;2021;22.1;18.2;16.4
Solothurn;2021;17.6;19.3;21.0
Basel-Stadt;2021;6.3;30.0;11.0
Basel-Landschaft;2021;9.3;22.8;22.7
Schaffhausen;2021;3.2;19.7;33.4
Appenzell A. Rh. ;2021;4.4;14.7;12.2
Appenzell I. Rh.;2021;;;
St. Gallen;2021;21.7;11.2;26.9
Graubünden;2021;;;
Aargau;2021;12.8;16.3;30.1
Thurgau ;2021;13.6;11.6;32.3
Tessin;2021;17.6;0.0;0.0
Waadt;2021;0.0;23.4;15.8
Wallis;2021;38.5;1.0;16.9
Neuenburg;2021;4.0;19.7;8.1
Genf;2021;10.7;15.3;7.3
Jura;2021;24.4;20.2;6.7
Zürich;2022;7.4;18.9;25.8
Bern;2022;0.8;19.1;29.0
Luzern;2022;27.5;13.8;19.6
Uri;2022;30.9;1.4;24.6
Schwyz ;2022;24.0;6.2;33.2
Obwalden;2022;28.1;12.5;25.6
Nidwalden;2022;25.9;3.0;24.3
Glarus;2022;17.6;12.2;30.3
Zug;2022;24.0;10.2;21.6
Freiburg;2022;22.1;18.2;16.4
Solothurn;2022;17.6;19.3;21.0
Basel-Stadt;2022;6.3;30.0;11.0
Basel-Landschaft;2022;9.3;22.8;22.7
Schaffhausen;2022;3.2;19.7;33.4
Appenzell A. Rh. ;2022;;;
Appenzell I. Rh.;2022;;;
St. Gallen;2022;21.7;11.2;26.9
Graubünden;2022;28.0;0.0;21.1
Aargau;2022;12.8;16.3;30.1
Thurgau ;2022;13.6;11.6;32.3
Tessin;2022;17.6;0.0;0.0
Waadt;2022;1.1;20.1;14.1
Wallis;2022;38.5;1.0;16.9
Neuenburg;2022;4.0;19.7;8.1
Genf;2022;10.7;15.3;7.3
Jura;2022;24.4;20.2;6.7