Year;Kanton;Divorces
1969;Schweiz;5982
1969;Zürich;1527
1969;Bern;692
1969;Luzern;161
1969;Uri;8
1969;Schwyz;40
1969;Obwalden;8
1969;Nidwalden;8
1969;Glarus;22
1969;Zug;49
1969;Freiburg;72
1969;Solothurn;184
1969;Basel-Stadt;399
1969;Basel-Landschaft;170
1969;Schaffhausen;88
1969;Appenzell A. Rh.;42
1969;Appenzell I. Rh.;2
1969;St. Gallen;269
1969;Graubünden;78
1969;Aargau;288
1969;Thurgau;161
1969;Tessin;164
1969;Waadt;658
1969;Wallis;41
1969;Neuenburg;216
1969;Genf;594
1969;Jura;41
1970;Schweiz;6406
1970;Zürich;1624
1970;Bern;726
1970;Luzern;191
1970;Uri;11
1970;Schwyz;40
1970;Obwalden;1
1970;Nidwalden;12
1970;Glarus;20
1970;Zug;56
1970;Freiburg;77
1970;Solothurn;195
1970;Basel-Stadt;401
1970;Basel-Landschaft;204
1970;Schaffhausen;76
1970;Appenzell A. Rh.;48
1970;Appenzell I. Rh.;1
1970;St. Gallen;280
1970;Graubünden;76
1970;Aargau;368
1970;Thurgau;178
1970;Tessin;156
1970;Waadt;646
1970;Wallis;72
1970;Neuenburg;242
1970;Genf;663
1970;Jura;42
1971;Schweiz;7036
1971;Zürich;1646
1971;Bern;873
1971;Luzern;182
1971;Uri;8
1971;Schwyz;50
1971;Obwalden;9
1971;Nidwalden;14
1971;Glarus;19
1971;Zug;66
1971;Freiburg;89
1971;Solothurn;190
1971;Basel-Stadt;473
1971;Basel-Landschaft;260
1971;Schaffhausen;120
1971;Appenzell A. Rh.;50
1971;Appenzell I. Rh.;4
1971;St. Gallen;322
1971;Graubünden;95
1971;Aargau;391
1971;Thurgau;203
1971;Tessin;191
1971;Waadt;674
1971;Wallis;72
1971;Neuenburg;264
1971;Genf;713
1971;Jura;58
1972;Schweiz;7651
1972;Zürich;1845
1972;Bern;976
1972;Luzern;196
1972;Uri;12
1972;Schwyz;71
1972;Obwalden;14
1972;Nidwalden;15
1972;Glarus;32
1972;Zug;85
1972;Freiburg;86
1972;Solothurn;222
1972;Basel-Stadt;377
1972;Basel-Landschaft;253
1972;Schaffhausen;87
1972;Appenzell A. Rh.;60
1972;Appenzell I. Rh.;6
1972;St. Gallen;390
1972;Graubünden;105
1972;Aargau;443
1972;Thurgau;200
1972;Tessin;217
1972;Waadt;758
1972;Wallis;93
1972;Neuenburg;287
1972;Genf;769
1972;Jura;52
1973;Schweiz;8030
1973;Zürich;1970
1973;Bern;1001
1973;Luzern;277
1973;Uri;11
1973;Schwyz;66
1973;Obwalden;10
1973;Nidwalden;16
1973;Glarus;33
1973;Zug;87
1973;Freiburg;82
1973;Solothurn;227
1973;Basel-Stadt;438
1973;Basel-Landschaft;304
1973;Schaffhausen;88
1973;Appenzell A. Rh.;45
1973;Appenzell I. Rh.;3
1973;St. Gallen;356
1973;Graubünden;118
1973;Aargau;471
1973;Thurgau;219
1973;Tessin;190
1973;Waadt;864
1973;Wallis;82
1973;Neuenburg;256
1973;Genf;756
1973;Jura;60
1974;Schweiz;8188
1974;Zürich;1886
1974;Bern;1227
1974;Luzern;249
1974;Uri;21
1974;Schwyz;66
1974;Obwalden;14
1974;Nidwalden;19
1974;Glarus;28
1974;Zug;80
1974;Freiburg;66
1974;Solothurn;156
1974;Basel-Stadt;412
1974;Basel-Landschaft;284
1974;Schaffhausen;111
1974;Appenzell A. Rh.;56
1974;Appenzell I. Rh.;10
1974;St. Gallen;431
1974;Graubünden;150
1974;Aargau;476
1974;Thurgau;233
1974;Tessin;212
1974;Waadt;784
1974;Wallis;111
1974;Neuenburg;307
1974;Genf;735
1974;Jura;64
1975;Schweiz;8917
1975;Zürich;1959
1975;Bern;1161
1975;Luzern;259
1975;Uri;21
1975;Schwyz;83
1975;Obwalden;11
1975;Nidwalden;18
1975;Glarus;38
1975;Zug;98
1975;Freiburg;230
1975;Solothurn;282
1975;Basel-Stadt;387
1975;Basel-Landschaft;403
1975;Schaffhausen;107
1975;Appenzell A. Rh.;47
1975;Appenzell I. Rh.;4
1975;St. Gallen;474
1975;Graubünden;107
1975;Aargau;568
1975;Thurgau;231
1975;Tessin;204
1975;Waadt;926
1975;Wallis;191
1975;Neuenburg;262
1975;Genf;789
1975;Jura;57
1976;Schweiz;9583
1976;Zürich;2305
1976;Bern;1196
1976;Luzern;258
1976;Uri;29
1976;Schwyz;96
1976;Obwalden;20
1976;Nidwalden;18
1976;Glarus;42
1976;Zug;99
1976;Freiburg;146
1976;Solothurn;249
1976;Basel-Stadt;439
1976;Basel-Landschaft;453
1976;Schaffhausen;135
1976;Appenzell A. Rh.;49
1976;Appenzell I. Rh.;8
1976;St. Gallen;527
1976;Graubünden;119
1976;Aargau;621
1976;Thurgau;224
1976;Tessin;317
1976;Waadt;900
1976;Wallis;167
1976;Neuenburg;303
1976;Genf;805
1976;Jura;58
1977;Schweiz;10474
1977;Zürich;2621
1977;Bern;1278
1977;Luzern;317
1977;Uri;22
1977;Schwyz;87
1977;Obwalden;16
1977;Nidwalden;28
1977;Glarus;29
1977;Zug;98
1977;Freiburg;174
1977;Solothurn;334
1977;Basel-Stadt;454
1977;Basel-Landschaft;491
1977;Schaffhausen;138
1977;Appenzell A. Rh.;60
1977;Appenzell I. Rh.;6
1977;St. Gallen;593
1977;Graubünden;181
1977;Aargau;654
1977;Thurgau;293
1977;Tessin;280
1977;Waadt;966
1977;Wallis;157
1977;Neuenburg;345
1977;Genf;782
1977;Jura;70
1978;Schweiz;10497
1978;Zürich;2395
1978;Bern;1325
1978;Luzern;333
1978;Uri;20
1978;Schwyz;111
1978;Obwalden;15
1978;Nidwalden;21
1978;Glarus;35
1978;Zug;99
1978;Freiburg;170
1978;Solothurn;330
1978;Basel-Stadt;477
1978;Basel-Landschaft;469
1978;Schaffhausen;135
1978;Appenzell A. Rh.;67
1978;Appenzell I. Rh.;9
1978;St. Gallen;611
1978;Graubünden;129
1978;Aargau;686
1978;Thurgau;260
1978;Tessin;277
1978;Waadt;973
1978;Wallis;233
1978;Neuenburg;371
1978;Genf;883
1978;Jura;63
1979;Schweiz;10394
1979;Zürich;2334
1979;Bern;1277
1979;Luzern;336
1979;Uri;27
1979;Schwyz;101
1979;Obwalden;10
1979;Nidwalden;36
1979;Glarus;61
1979;Zug;110
1979;Freiburg;180
1979;Solothurn;357
1979;Basel-Stadt;450
1979;Basel-Landschaft;461
1979;Schaffhausen;132
1979;Appenzell A. Rh.;76
1979;Appenzell I. Rh.;3
1979;St. Gallen;534
1979;Graubünden;191
1979;Aargau;678
1979;Thurgau;271
1979;Tessin;328
1979;Waadt;1003
1979;Wallis;213
1979;Neuenburg;335
1979;Genf;826
1979;Jura;64
1980;Schweiz;10910
1980;Zürich;2539
1980;Bern;1299
1980;Luzern;369
1980;Uri;24
1980;Schwyz;98
1980;Obwalden;27
1980;Nidwalden;40
1980;Glarus;35
1980;Zug;113
1980;Freiburg;219
1980;Solothurn;364
1980;Basel-Stadt;422
1980;Basel-Landschaft;456
1980;Schaffhausen;133
1980;Appenzell A. Rh.;61
1980;Appenzell I. Rh.;10
1980;St. Gallen;549
1980;Graubünden;181
1980;Aargau;695
1980;Thurgau;297
1980;Tessin;350
1980;Waadt;1021
1980;Wallis;235
1980;Neuenburg;367
1980;Genf;941
1980;Jura;65
1981;Schweiz;11131
1981;Zürich;2610
1981;Bern;1351
1981;Luzern;329
1981;Uri;26
1981;Schwyz;117
1981;Obwalden;17
1981;Nidwalden;31
1981;Glarus;56
1981;Zug;134
1981;Freiburg;180
1981;Solothurn;405
1981;Basel-Stadt;425
1981;Basel-Landschaft;471
1981;Schaffhausen;138
1981;Appenzell A. Rh.;77
1981;Appenzell I. Rh.;6
1981;St. Gallen;582
1981;Graubünden;196
1981;Aargau;733
1981;Thurgau;296
1981;Tessin;325
1981;Waadt;1103
1981;Wallis;246
1981;Neuenburg;297
1981;Genf;919
1981;Jura;61
1982;Schweiz;11589
1982;Zürich;2520
1982;Bern;1499
1982;Luzern;369
1982;Uri;25
1982;Schwyz;140
1982;Obwalden;22
1982;Nidwalden;41
1982;Glarus;50
1982;Zug;141
1982;Freiburg;249
1982;Solothurn;366
1982;Basel-Stadt;437
1982;Basel-Landschaft;444
1982;Schaffhausen;135
1982;Appenzell A. Rh.;84
1982;Appenzell I. Rh.;7
1982;St. Gallen;607
1982;Graubünden;206
1982;Aargau;828
1982;Thurgau;299
1982;Tessin;375
1982;Waadt;1038
1982;Wallis;233
1982;Neuenburg;311
1982;Genf;1073
1982;Jura;90
1983;Schweiz;11710
1983;Zürich;2548
1983;Bern;1400
1983;Luzern;407
1983;Uri;21
1983;Schwyz;140
1983;Obwalden;33
1983;Nidwalden;33
1983;Glarus;68
1983;Zug;116
1983;Freiburg;248
1983;Solothurn;392
1983;Basel-Stadt;441
1983;Basel-Landschaft;422
1983;Schaffhausen;130
1983;Appenzell A. Rh.;66
1983;Appenzell I. Rh.;9
1983;St. Gallen;650
1983;Graubünden;224
1983;Aargau;786
1983;Thurgau;346
1983;Tessin;406
1983;Waadt;1106
1983;Wallis;253
1983;Neuenburg;351
1983;Genf;1029
1983;Jura;85
1984;Schweiz;11219
1984;Zürich;2491
1984;Bern;1466
1984;Luzern;367
1984;Uri;14
1984;Schwyz;130
1984;Obwalden;20
1984;Nidwalden;25
1984;Glarus;54
1984;Zug;101
1984;Freiburg;248
1984;Solothurn;395
1984;Basel-Stadt;432
1984;Basel-Landschaft;430
1984;Schaffhausen;125
1984;Appenzell A. Rh.;61
1984;Appenzell I. Rh.;10
1984;St. Gallen;610
1984;Graubünden;188
1984;Aargau;672
1984;Thurgau;279
1984;Tessin;413
1984;Waadt;1091
1984;Wallis;223
1984;Neuenburg;343
1984;Genf;952
1984;Jura;79
1985;Schweiz;11416
1985;Zürich;2528
1985;Bern;1478
1985;Luzern;341
1985;Uri;24
1985;Schwyz;130
1985;Obwalden;28
1985;Nidwalden;36
1985;Glarus;45
1985;Zug;111
1985;Freiburg;243
1985;Solothurn;386
1985;Basel-Stadt;438
1985;Basel-Landschaft;482
1985;Schaffhausen;117
1985;Appenzell A. Rh.;67
1985;Appenzell I. Rh.;7
1985;St. Gallen;629
1985;Graubünden;201
1985;Aargau;764
1985;Thurgau;287
1985;Tessin;412
1985;Waadt;1095
1985;Wallis;228
1985;Neuenburg;329
1985;Genf;934
1985;Jura;76
1986;Schweiz;11395
1986;Zürich;2527
1986;Bern;1438
1986;Luzern;352
1986;Uri;21
1986;Schwyz;128
1986;Obwalden;29
1986;Nidwalden;40
1986;Glarus;44
1986;Zug;117
1986;Freiburg;228
1986;Solothurn;406
1986;Basel-Stadt;436
1986;Basel-Landschaft;486
1986;Schaffhausen;150
1986;Appenzell A. Rh.;71
1986;Appenzell I. Rh.;8
1986;St. Gallen;650
1986;Graubünden;189
1986;Aargau;708
1986;Thurgau;284
1986;Tessin;403
1986;Waadt;1133
1986;Wallis;220
1986;Neuenburg;340
1986;Genf;892
1986;Jura;95
1987;Schweiz;11553
1987;Zürich;2535
1987;Bern;1516
1987;Luzern;407
1987;Uri;29
1987;Schwyz;145
1987;Obwalden;28
1987;Nidwalden;35
1987;Glarus;52
1987;Zug;115
1987;Freiburg;269
1987;Solothurn;427
1987;Basel-Stadt;434
1987;Basel-Landschaft;415
1987;Schaffhausen;140
1987;Appenzell A. Rh.;57
1987;Appenzell I. Rh.;6
1987;St. Gallen;635
1987;Graubünden;218
1987;Aargau;739
1987;Thurgau;267
1987;Tessin;298
1987;Waadt;1108
1987;Wallis;262
1987;Neuenburg;322
1987;Genf;999
1987;Jura;95
1988;Schweiz;12731
1988;Zürich;2739
1988;Bern;1568
1988;Luzern;398
1988;Uri;17
1988;Schwyz;136
1988;Obwalden;23
1988;Nidwalden;40
1988;Glarus;61
1988;Zug;113
1988;Freiburg;301
1988;Solothurn;376
1988;Basel-Stadt;421
1988;Basel-Landschaft;414
1988;Schaffhausen;131
1988;Appenzell A. Rh.;73
1988;Appenzell I. Rh.;11
1988;St. Gallen;757
1988;Graubünden;213
1988;Aargau;834
1988;Thurgau;346
1988;Tessin;448
1988;Waadt;1528
1988;Wallis;247
1988;Neuenburg;362
1988;Genf;1073
1988;Jura;101
1989;Schweiz;12721
1989;Zürich;2650
1989;Bern;1515
1989;Luzern;429
1989;Uri;25
1989;Schwyz;182
1989;Obwalden;21
1989;Nidwalden;45
1989;Glarus;45
1989;Zug;124
1989;Freiburg;307
1989;Solothurn;434
1989;Basel-Stadt;401
1989;Basel-Landschaft;468
1989;Schaffhausen;158
1989;Appenzell A. Rh.;80
1989;Appenzell I. Rh.;11
1989;St. Gallen;719
1989;Graubünden;219
1989;Aargau;786
1989;Thurgau;333
1989;Tessin;480
1989;Waadt;1386
1989;Wallis;334
1989;Neuenburg;390
1989;Genf;1100
1989;Jura;79
1990;Schweiz;13184
1990;Zürich;2871
1990;Bern;1636
1990;Luzern;450
1990;Uri;16
1990;Schwyz;153
1990;Obwalden;37
1990;Nidwalden;32
1990;Glarus;46
1990;Zug;150
1990;Freiburg;270
1990;Solothurn;448
1990;Basel-Stadt;461
1990;Basel-Landschaft;504
1990;Schaffhausen;150
1990;Appenzell A. Rh.;78
1990;Appenzell I. Rh.;10
1990;St. Gallen;713
1990;Graubünden;255
1990;Aargau;830
1990;Thurgau;338
1990;Tessin;472
1990;Waadt;1341
1990;Wallis;371
1990;Neuenburg;378
1990;Genf;1060
1990;Jura;114
1991;Schweiz;13628
1991;Zürich;2929
1991;Bern;1589
1991;Luzern;461
1991;Uri;30
1991;Schwyz;158
1991;Obwalden;29
1991;Nidwalden;45
1991;Glarus;57
1991;Zug;122
1991;Freiburg;351
1991;Solothurn;413
1991;Basel-Stadt;456
1991;Basel-Landschaft;504
1991;Schaffhausen;136
1991;Appenzell A. Rh.;72
1991;Appenzell I. Rh.;6
1991;St. Gallen;737
1991;Graubünden;250
1991;Aargau;882
1991;Thurgau;407
1991;Tessin;560
1991;Waadt;1419
1991;Wallis;346
1991;Neuenburg;382
1991;Genf;1199
1991;Jura;88
1992;Schweiz;14530
1992;Zürich;3088
1992;Bern;1717
1992;Luzern;482
1992;Uri;36
1992;Schwyz;208
1992;Obwalden;32
1992;Nidwalden;51
1992;Glarus;79
1992;Zug;155
1992;Freiburg;337
1992;Solothurn;461
1992;Basel-Stadt;388
1992;Basel-Landschaft;495
1992;Schaffhausen;146
1992;Appenzell A. Rh.;88
1992;Appenzell I. Rh.;19
1992;St. Gallen;911
1992;Graubünden;281
1992;Aargau;963
1992;Thurgau;428
1992;Tessin;580
1992;Waadt;1379
1992;Wallis;415
1992;Neuenburg;395
1992;Genf;1283
1992;Jura;113
1993;Schweiz;15054
1993;Zürich;3067
1993;Bern;1694
1993;Luzern;478
1993;Uri;30
1993;Schwyz;226
1993;Obwalden;30
1993;Nidwalden;47
1993;Glarus;76
1993;Zug;159
1993;Freiburg;440
1993;Solothurn;569
1993;Basel-Stadt;500
1993;Basel-Landschaft;527
1993;Schaffhausen;143
1993;Appenzell A. Rh.;93
1993;Appenzell I. Rh.;14
1993;St. Gallen;867
1993;Graubünden;265
1993;Aargau;1059
1993;Thurgau;466
1993;Tessin;643
1993;Waadt;1568
1993;Wallis;421
1993;Neuenburg;385
1993;Genf;1160
1993;Jura;127
1994;Schweiz;15634
1994;Zürich;3186
1994;Bern;1778
1994;Luzern;510
1994;Uri;32
1994;Schwyz;221
1994;Obwalden;38
1994;Nidwalden;60
1994;Glarus;86
1994;Zug;171
1994;Freiburg;419
1994;Solothurn;595
1994;Basel-Stadt;548
1994;Basel-Landschaft;554
1994;Schaffhausen;149
1994;Appenzell A. Rh.;116
1994;Appenzell I. Rh.;16
1994;St. Gallen;908
1994;Graubünden;276
1994;Aargau;1034
1994;Thurgau;523
1994;Tessin;699
1994;Waadt;1545
1994;Wallis;447
1994;Neuenburg;411
1994;Genf;1202
1994;Jura;110
1995;Schweiz;15703
1995;Zürich;3126
1995;Bern;1859
1995;Luzern;530
1995;Uri;38
1995;Schwyz;195
1995;Obwalden;38
1995;Nidwalden;68
1995;Glarus;100
1995;Zug;182
1995;Freiburg;457
1995;Solothurn;574
1995;Basel-Stadt;525
1995;Basel-Landschaft;591
1995;Schaffhausen;149
1995;Appenzell A. Rh.;125
1995;Appenzell I. Rh.;17
1995;St. Gallen;890
1995;Graubünden;291
1995;Aargau;1049
1995;Thurgau;466
1995;Tessin;637
1995;Waadt;1642
1995;Wallis;435
1995;Neuenburg;419
1995;Genf;1167
1995;Jura;133
1996;Schweiz;16172
1996;Zürich;3188
1996;Bern;1944
1996;Luzern;531
1996;Uri;54
1996;Schwyz;230
1996;Obwalden;40
1996;Nidwalden;55
1996;Glarus;87
1996;Zug;204
1996;Freiburg;454
1996;Solothurn;609
1996;Basel-Stadt;499
1996;Basel-Landschaft;659
1996;Schaffhausen;183
1996;Appenzell A. Rh.;99
1996;Appenzell I. Rh.;9
1996;St. Gallen;953
1996;Graubünden;291
1996;Aargau;1111
1996;Thurgau;520
1996;Tessin;619
1996;Waadt;1657
1996;Wallis;489
1996;Neuenburg;453
1996;Genf;1109
1996;Jura;125
1997;Schweiz;17073
1997;Zürich;3456
1997;Bern;1968
1997;Luzern;582
1997;Uri;36
1997;Schwyz;247
1997;Obwalden;40
1997;Nidwalden;69
1997;Glarus;79
1997;Zug;197
1997;Freiburg;486
1997;Solothurn;591
1997;Basel-Stadt;526
1997;Basel-Landschaft;640
1997;Schaffhausen;174
1997;Appenzell A. Rh.;145
1997;Appenzell I. Rh.;21
1997;St. Gallen;1031
1997;Graubünden;343
1997;Aargau;1230
1997;Thurgau;515
1997;Tessin;720
1997;Waadt;1618
1997;Wallis;551
1997;Neuenburg;473
1997;Genf;1197
1997;Jura;138
1998;Schweiz;17868
1998;Zürich;3602
1998;Bern;2160
1998;Luzern;620
1998;Uri;31
1998;Schwyz;259
1998;Obwalden;38
1998;Nidwalden;74
1998;Glarus;86
1998;Zug;223
1998;Freiburg;516
1998;Solothurn;640
1998;Basel-Stadt;511
1998;Basel-Landschaft;612
1998;Schaffhausen;200
1998;Appenzell A. Rh.;112
1998;Appenzell I. Rh.;7
1998;St. Gallen;1020
1998;Graubünden;357
1998;Aargau;1383
1998;Thurgau;606
1998;Tessin;689
1998;Waadt;1789
1998;Wallis;534
1998;Neuenburg;493
1998;Genf;1149
1998;Jura;157
1999;Schweiz;20809
1999;Zürich;3828
1999;Bern;2737
1999;Luzern;662
1999;Uri;57
1999;Schwyz;303
1999;Obwalden;53
1999;Nidwalden;72
1999;Glarus;111
1999;Zug;270
1999;Freiburg;559
1999;Solothurn;876
1999;Basel-Stadt;577
1999;Basel-Landschaft;820
1999;Schaffhausen;218
1999;Appenzell A. Rh.;133
1999;Appenzell I. Rh.;23
1999;St. Gallen;1259
1999;Graubünden;415
1999;Aargau;1453
1999;Thurgau;584
1999;Tessin;813
1999;Waadt;2178
1999;Wallis;696
1999;Neuenburg;582
1999;Genf;1351
1999;Jura;179
2000;Schweiz;10511
2000;Zürich;1977
2000;Bern;1006
2000;Luzern;510
2000;Uri;20
2000;Schwyz;127
2000;Obwalden;33
2000;Nidwalden;41
2000;Glarus;28
2000;Zug;124
2000;Freiburg;448
2000;Solothurn;291
2000;Basel-Stadt;228
2000;Basel-Landschaft;234
2000;Schaffhausen;89
2000;Appenzell A. Rh.;78
2000;Appenzell I. Rh.;12
2000;St. Gallen;728
2000;Graubünden;327
2000;Aargau;780
2000;Thurgau;404
2000;Tessin;384
2000;Waadt;893
2000;Wallis;390
2000;Neuenburg;316
2000;Genf;982
2000;Jura;61
2001;Schweiz;15778
2001;Zürich;2708
2001;Bern;1832
2001;Luzern;554
2001;Uri;45
2001;Schwyz;224
2001;Obwalden;26
2001;Nidwalden;69
2001;Glarus;67
2001;Zug;225
2001;Freiburg;536
2001;Solothurn;549
2001;Basel-Stadt;520
2001;Basel-Landschaft;523
2001;Schaffhausen;162
2001;Appenzell A. Rh.;113
2001;Appenzell I. Rh.;16
2001;St. Gallen;933
2001;Graubünden;328
2001;Aargau;1065
2001;Thurgau;462
2001;Tessin;677
2001;Waadt;1934
2001;Wallis;563
2001;Neuenburg;499
2001;Genf;1065
2001;Jura;83
2002;Schweiz;16363
2002;Zürich;2959
2002;Bern;1890
2002;Luzern;537
2002;Uri;50
2002;Schwyz;292
2002;Obwalden;39
2002;Nidwalden;77
2002;Glarus;64
2002;Zug;227
2002;Freiburg;543
2002;Solothurn;518
2002;Basel-Stadt;477
2002;Basel-Landschaft;519
2002;Schaffhausen;161
2002;Appenzell A. Rh.;113
2002;Appenzell I. Rh.;18
2002;St. Gallen;1012
2002;Graubünden;372
2002;Aargau;1163
2002;Thurgau;558
2002;Tessin;718
2002;Waadt;1752
2002;Wallis;554
2002;Neuenburg;529
2002;Genf;1120
2002;Jura;101
2003;Schweiz;16799
2003;Zürich;3218
2003;Bern;1993
2003;Luzern;593
2003;Uri;32
2003;Schwyz;271
2003;Obwalden;44
2003;Nidwalden;79
2003;Glarus;77
2003;Zug;181
2003;Freiburg;569
2003;Solothurn;579
2003;Basel-Stadt;502
2003;Basel-Landschaft;549
2003;Schaffhausen;165
2003;Appenzell A. Rh.;122
2003;Appenzell I. Rh.;9
2003;St. Gallen;1078
2003;Graubünden;395
2003;Aargau;1227
2003;Thurgau;510
2003;Tessin;664
2003;Waadt;1686
2003;Wallis;616
2003;Neuenburg;424
2003;Genf;1061
2003;Jura;155
2004;Schweiz;17949
2004;Zürich;3399
2004;Bern;2169
2004;Luzern;635
2004;Uri;36
2004;Schwyz;316
2004;Obwalden;54
2004;Nidwalden;80
2004;Glarus;77
2004;Zug;250
2004;Freiburg;626
2004;Solothurn;648
2004;Basel-Stadt;543
2004;Basel-Landschaft;622
2004;Schaffhausen;117
2004;Appenzell A. Rh.;139
2004;Appenzell I. Rh.;11
2004;St. Gallen;1079
2004;Graubünden;410
2004;Aargau;1292
2004;Thurgau;566
2004;Tessin;721
2004;Waadt;1987
2004;Wallis;619
2004;Neuenburg;574
2004;Genf;874
2004;Jura;105
2005;Schweiz;21332
2005;Zürich;4356
2005;Bern;2775
2005;Luzern;732
2005;Uri;60
2005;Schwyz;302
2005;Obwalden;46
2005;Nidwalden;74
2005;Glarus;91
2005;Zug;291
2005;Freiburg;713
2005;Solothurn;744
2005;Basel-Stadt;585
2005;Basel-Landschaft;727
2005;Schaffhausen;170
2005;Appenzell A. Rh.;173
2005;Appenzell I. Rh.;31
2005;St. Gallen;1219
2005;Graubünden;424
2005;Aargau;1525
2005;Thurgau;653
2005;Tessin;822
2005;Waadt;2153
2005;Wallis;637
2005;Neuenburg;609
2005;Genf;1251
2005;Jura;169
2006;Schweiz;20981
2006;Zürich;4036
2006;Bern;2618
2006;Luzern;792
2006;Uri;41
2006;Schwyz;350
2006;Obwalden;53
2006;Nidwalden;96
2006;Glarus;87
2006;Zug;262
2006;Freiburg;674
2006;Solothurn;693
2006;Basel-Stadt;598
2006;Basel-Landschaft;766
2006;Schaffhausen;165
2006;Appenzell A. Rh.;130
2006;Appenzell I. Rh.;32
2006;St. Gallen;1165
2006;Graubünden;432
2006;Aargau;1613
2006;Thurgau;586
2006;Tessin;762
2006;Waadt;2125
2006;Wallis;771
2006;Neuenburg;639
2006;Genf;1310
2006;Jura;185
2007;Schweiz;19882
2007;Zürich;3850
2007;Bern;2402
2007;Luzern;751
2007;Uri;55
2007;Schwyz;314
2007;Obwalden;76
2007;Nidwalden;98
2007;Glarus;86
2007;Zug;255
2007;Freiburg;695
2007;Solothurn;692
2007;Basel-Stadt;587
2007;Basel-Landschaft;630
2007;Schaffhausen;206
2007;Appenzell A. Rh.;113
2007;Appenzell I. Rh.;21
2007;St. Gallen;1046
2007;Graubünden;431
2007;Aargau;1453
2007;Thurgau;585
2007;Tessin;806
2007;Waadt;2028
2007;Wallis;678
2007;Neuenburg;592
2007;Genf;1272
2007;Jura;160
2008;Schweiz;19613
2008;Zürich;3929
2008;Bern;2333
2008;Luzern;748
2008;Uri;54
2008;Schwyz;297
2008;Obwalden;69
2008;Nidwalden;71
2008;Glarus;85
2008;Zug;257
2008;Freiburg;692
2008;Solothurn;677
2008;Basel-Stadt;527
2008;Basel-Landschaft;698
2008;Schaffhausen;230
2008;Appenzell A. Rh.;122
2008;Appenzell I. Rh.;15
2008;St. Gallen;1050
2008;Graubünden;400
2008;Aargau;1415
2008;Thurgau;581
2008;Tessin;803
2008;Waadt;1949
2008;Wallis;657
2008;Neuenburg;561
2008;Genf;1220
2008;Jura;173
2009;Schweiz;19321
2009;Zürich;3957
2009;Bern;2373
2009;Luzern;777
2009;Uri;40
2009;Schwyz;310
2009;Obwalden;57
2009;Nidwalden;79
2009;Glarus;81
2009;Zug;245
2009;Freiburg;698
2009;Solothurn;663
2009;Basel-Stadt;554
2009;Basel-Landschaft;604
2009;Schaffhausen;204
2009;Appenzell A. Rh.;144
2009;Appenzell I. Rh.;15
2009;St. Gallen;881
2009;Graubünden;372
2009;Aargau;1409
2009;Thurgau;558
2009;Tessin;813
2009;Waadt;1852
2009;Wallis;635
2009;Neuenburg;609
2009;Genf;1211
2009;Jura;180
2010;Schweiz;22081
2010;Zürich;4379
2010;Bern;2713
2010;Luzern;829
2010;Uri;50
2010;Schwyz;340
2010;Obwalden;68
2010;Nidwalden;108
2010;Glarus;76
2010;Zug;280
2010;Freiburg;730
2010;Solothurn;753
2010;Basel-Stadt;647
2010;Basel-Landschaft;683
2010;Schaffhausen;175
2010;Appenzell A. Rh.;150
2010;Appenzell I. Rh.;34
2010;St. Gallen;1253
2010;Graubünden;415
2010;Aargau;1695
2010;Thurgau;657
2010;Tessin;885
2010;Waadt;2111
2010;Wallis;819
2010;Neuenburg;613
2010;Genf;1410
2010;Jura;208
2011;Schweiz;17566
2011;Zürich;3349
2011;Bern;2259
2011;Luzern;651
2011;Uri;47
2011;Schwyz;317
2011;Obwalden;61
2011;Nidwalden;72
2011;Glarus;54
2011;Zug;242
2011;Freiburg;679
2011;Solothurn;573
2011;Basel-Stadt;411
2011;Basel-Landschaft;589
2011;Schaffhausen;173
2011;Appenzell A. Rh.;107
2011;Appenzell I. Rh.;16
2011;St. Gallen;916
2011;Graubünden;355
2011;Aargau;1279
2011;Thurgau;536
2011;Tessin;737
2011;Waadt;1585
2011;Wallis;684
2011;Neuenburg;534
2011;Genf;1154
2011;Jura;186
2012;Schweiz;17550
2012;Zürich;3326
2012;Bern;2286
2012;Luzern;674
2012;Uri;56
2012;Schwyz;260
2012;Obwalden;65
2012;Nidwalden;78
2012;Glarus;81
2012;Zug;244
2012;Freiburg;657
2012;Solothurn;531
2012;Basel-Stadt;449
2012;Basel-Landschaft;589
2012;Schaffhausen;161
2012;Appenzell A. Rh.;105
2012;Appenzell I. Rh.;23
2012;St. Gallen;959
2012;Graubünden;354
2012;Aargau;1241
2012;Thurgau;475
2012;Tessin;704
2012;Waadt;1679
2012;Wallis;694
2012;Neuenburg;492
2012;Genf;1209
2012;Jura;158
2013;Schweiz;17119
2013;Zürich;3195
2013;Bern;2162
2013;Luzern;671
2013;Uri;47
2013;Schwyz;275
2013;Obwalden;47
2013;Nidwalden;72
2013;Glarus;69
2013;Zug;229
2013;Freiburg;617
2013;Solothurn;571
2013;Basel-Stadt;412
2013;Basel-Landschaft;558
2013;Schaffhausen;158
2013;Appenzell A. Rh.;116
2013;Appenzell I. Rh.;24
2013;St. Gallen;937
2013;Graubünden;327
2013;Aargau;1222
2013;Thurgau;461
2013;Tessin;701
2013;Waadt;1721
2013;Wallis;632
2013;Neuenburg;505
2013;Genf;1223
2013;Jura;167
2014;Schweiz;16737
2014;Zürich;3184
2014;Bern;2055
2014;Luzern;665
2014;Uri;41
2014;Schwyz;279
2014;Obwalden;52
2014;Nidwalden;82
2014;Glarus;70
2014;Zug;205
2014;Freiburg;626
2014;Solothurn;532
2014;Basel-Stadt;405
2014;Basel-Landschaft;542
2014;Schaffhausen;169
2014;Appenzell A. Rh.;99
2014;Appenzell I. Rh.;27
2014;St. Gallen;958
2014;Graubünden;352
2014;Aargau;1239
2014;Thurgau;501
2014;Tessin;701
2014;Waadt;1508
2014;Wallis;653
2014;Neuenburg;468
2014;Genf;1165
2014;Jura;159
2015;Schweiz;16960
2015;Zürich;3127
2015;Bern;2087
2015;Luzern;656
2015;Uri;48
2015;Schwyz;294
2015;Obwalden;62
2015;Nidwalden;73
2015;Glarus;80
2015;Zug;222
2015;Freiburg;597
2015;Solothurn;516
2015;Basel-Stadt;412
2015;Basel-Landschaft;525
2015;Schaffhausen;148
2015;Appenzell A. Rh.;119
2015;Appenzell I. Rh.;15
2015;St. Gallen;936
2015;Graubünden;360
2015;Aargau;1301
2015;Thurgau;483
2015;Tessin;672
2015;Waadt;1798
2015;Wallis;694
2015;Neuenburg;436
2015;Genf;1144
2015;Jura;155
2016;Schweiz;17028
2016;Zürich;3193
2016;Bern;2084
2016;Luzern;634
2016;Uri;41
2016;Schwyz;260
2016;Obwalden;58
2016;Nidwalden;61
2016;Glarus;80
2016;Zug;223
2016;Freiburg;638
2016;Solothurn;545
2016;Basel-Stadt;413
2016;Basel-Landschaft;570
2016;Schaffhausen;158
2016;Appenzell A. Rh.;87
2016;Appenzell I. Rh.;17
2016;St. Gallen;954
2016;Graubünden;342
2016;Aargau;1294
2016;Thurgau;504
2016;Tessin;663
2016;Waadt;1792
2016;Wallis;680
2016;Neuenburg;449
2016;Genf;1126
2016;Jura;162
2017;Schweiz;15906
2017;Zürich;2979
2017;Bern;1950
2017;Luzern;634
2017;Uri;46
2017;Schwyz;291
2017;Obwalden;43
2017;Nidwalden;65
2017;Glarus;57
2017;Zug;191
2017;Freiburg;595
2017;Solothurn;485
2017;Basel-Stadt;348
2017;Basel-Landschaft;492
2017;Schaffhausen;144
2017;Appenzell A. Rh.;91
2017;Appenzell I. Rh.;19
2017;St. Gallen;907
2017;Graubünden;306
2017;Aargau;1196
2017;Thurgau;475
2017;Tessin;648
2017;Waadt;1606
2017;Wallis;653
2017;Neuenburg;358
2017;Genf;1148
2017;Jura;179
2018;Schweiz;16542
2018;Zürich;3046
2018;Bern;1913
2018;Luzern;703
2018;Uri;40
2018;Schwyz;272
2018;Obwalden;43
2018;Nidwalden;79
2018;Glarus;66
2018;Zug;236
2018;Freiburg;594
2018;Solothurn;576
2018;Basel-Stadt;361
2018;Basel-Landschaft;591
2018;Schaffhausen;132
2018;Appenzell A. Rh.;109
2018;Appenzell I. Rh.;25
2018;St. Gallen;912
2018;Graubünden;341
2018;Aargau;1268
2018;Thurgau;487
2018;Tessin;680
2018;Waadt;1566
2018;Wallis;713
2018;Neuenburg;410
2018;Genf;1208
2018;Jura;171
2019;Schweiz;16885
2019;Zürich;3100
2019;Bern;1935
2019;Luzern;671
2019;Uri;47
2019;Schwyz;307
2019;Obwalden;54
2019;Nidwalden;89
2019;Glarus;58
2019;Zug;244
2019;Freiburg;626
2019;Solothurn;486
2019;Basel-Stadt;394
2019;Basel-Landschaft;512
2019;Schaffhausen;163
2019;Appenzell A. Rh.;111
2019;Appenzell I. Rh.;16
2019;St. Gallen;976
2019;Graubünden;342
2019;Aargau;1391
2019;Thurgau;527
2019;Tessin;723
2019;Waadt;1708
2019;Wallis;711
2019;Neuenburg;392
2019;Genf;1132
2019;Jura;170
2020;Schweiz;16210
2020;Zürich;2823
2020;Bern;2015
2020;Luzern;723
2020;Uri;48
2020;Schwyz;314
2020;Obwalden;58
2020;Nidwalden;62
2020;Glarus;62
2020;Zug;218
2020;Freiburg;599
2020;Solothurn;496
2020;Basel-Stadt;378
2020;Basel-Landschaft;552
2020;Schaffhausen;151
2020;Appenzell A. Rh.;102
2020;Appenzell I. Rh.;32
2020;St. Gallen;927
2020;Graubünden;327
2020;Aargau;1205
2020;Thurgau;497
2020;Tessin;687
2020;Waadt;1590
2020;Wallis;704
2020;Neuenburg;375
2020;Genf;1086
2020;Jura;179
2021;Schweiz;17159
2021;Zürich;3053
2021;Bern;1962
2021;Luzern;740
2021;Uri;59
2021;Schwyz;312
2021;Obwalden;66
2021;Nidwalden;76
2021;Glarus;70
2021;Zug;223
2021;Freiburg;719
2021;Solothurn;545
2021;Basel-Stadt;358
2021;Basel-Landschaft;520
2021;Schaffhausen;159
2021;Appenzell A. Rh.;91
2021;Appenzell I. Rh.;28
2021;St. Gallen;921
2021;Graubünden;329
2021;Aargau;1482
2021;Thurgau;523
2021;Tessin;705
2021;Waadt;1624
2021;Wallis;710
2021;Neuenburg;435
2021;Genf;1272
2021;Jura;177